"Data";"Hora (UTC)";"Temp. [Hora] (C)";"Umi. (%)";"Pressao (hPa)";"Vel. Vento (m/s)";"Dir. Vento (m/s)";"Nebulosidade (Decimos)";"Insolacao (h)";"Temp. Max. [Diaria] (h)";"Temp. Min. [Diaria] (h)";"Chuva [Diaria] (mm)"
"01/01/2021";"0000";"23,2";"88,0";"951,2";"2,0";"320,0";"10,0";"9,20";"29,8";"";""
"01/01/2021";"1200";"24,3";"83,0";"952,2";"1,0";"320,0";"10,0";"";"";"20,8";"0,0"
"01/01/2021";"1800";"";"";"";"";"";"";"";"";"";""
"02/01/2021";"0000";"25,9";"79,0";"949,9";"0,0";"0,0";"0,0";"9,80";"30,9";"";""
"02/01/2021";"1200";"25,3";"73,0";"951,8";"1,0";"50,0";"7,0";"";"";"21,5";"0,0"
"02/01/2021";"1800";"";"";"";"";"";"";"";"";"";""
"03/01/2021";"0000";"26,4";"73,0";"947,5";"0,0";"0,0";"0,0";"9,10";"30,7";"";""
"03/01/2021";"1200";"24,5";"68,0";"950,8";"2,0";"90,0";"3,0";"";"";"20,8";"0,2"
"03/01/2021";"1800";"";"";"";"";"";"";"";"";"";""
"04/01/2021";"0000";"26,9";"68,0";"947,4";"2,0";"90,0";"7,0";"10,00";"30,7";"";""
"04/01/2021";"1200";"24,5";"64,0";"949,6";"3,0";"90,0";"6,0";"";"";"19,6";"0,0"
"04/01/2021";"1800";"";"";"";"";"";"";"";"";"";""
"05/01/2021";"0000";"22,5";"89,0";"949,9";"4,0";"320,0";"10,0";"3,90";"29,4";"";""
"05/01/2021";"1200";"24,3";"81,0";"949,9";"2,0";"90,0";"8,0";"";"";"20,8";"0,4"
"05/01/2021";"1800";"";"";"";"";"";"";"";"";"";""
"06/01/2021";"0000";"24,7";"83,0";"949,0";"1,0";"50,0";"9,0";"6,20";"30,2";"";""
"06/01/2021";"1200";"23,5";"96,0";"950,8";"1,0";"320,0";"10,0";"";"";"21,6";"1,6"
"06/01/2021";"1800";"";"";"";"";"";"";"";"";"";""
"07/01/2021";"0000";"23,7";"90,0";"949,5";"1,0";"320,0";"5,0";"2,70";"27,5";"";""
"07/01/2021";"1200";"25,3";"84,0";"951,1";"1,0";"90,0";"7,0";"";"";"20,6";"0,6"
"07/01/2021";"1800";"";"";"";"";"";"";"";"";"";""
"08/01/2021";"0000";"23,5";"92,0";"949,8";"1,0";"320,0";"10,0";"10,70";"29,8";"";""
"08/01/2021";"1200";"24,9";"82,0";"951,0";"1,0";"320,0";"7,0";"";"";"21,0";"57,6"
"08/01/2021";"1800";"";"";"";"";"";"";"";"";"";""
"09/01/2021";"0000";"24,7";"80,0";"949,0";"1,0";"270,0";"2,0";"7,60";"31,0";"";""
"09/01/2021";"1200";"25,7";"77,0";"949,6";"2,0";"90,0";"7,0";"";"";"21,4";"0,0"
"09/01/2021";"1800";"";"";"";"";"";"";"";"";"";""
"10/01/2021";"0000";"27,1";"75,0";"948,6";"0,0";"0,0";"3,0";"7,60";"32,1";"";""
"10/01/2021";"1200";"27,1";"70,0";"951,2";"1,0";"50,0";"6,0";"";"";"22,7";"0,0"
"10/01/2021";"1800";"";"";"";"";"";"";"";"";"";""
"11/01/2021";"0000";"26,5";"74,0";"949,4";"1,0";"180,0";"2,0";"11,20";"32,6";"";""
"11/01/2021";"1200";"27,5";"69,0";"951,1";"2,0";"90,0";"3,0";"";"";"23,0";"0,0"
"11/01/2021";"1800";"";"";"";"";"";"";"";"";"";""
"12/01/2021";"0000";"28,5";"72,0";"947,4";"1,0";"140,0";"0,0";"7,60";"32,1";"";""
"12/01/2021";"1200";"28,7";"72,0";"950,6";"1,0";"90,0";"4,0";"";"";"24,3";"0,0"
"12/01/2021";"1800";"";"";"";"";"";"";"";"";"";""
"13/01/2021";"0000";"25,5";"74,0";"949,6";"4,0";"230,0";"9,0";"6,60";"31,4";"";""
"13/01/2021";"1200";"27,5";"68,0";"951,1";"3,0";"90,0";"8,0";"";"";"23,3";"0,8"
"13/01/2021";"1800";"";"";"";"";"";"";"";"";"";""
"14/01/2021";"0000";"24,0";"90,0";"949,6";"0,0";"0,0";"10,0";"7,70";"30,6";"";""
"14/01/2021";"1200";"26,5";"71,0";"951,0";"2,0";"90,0";"7,0";"";"";"22,4";"2,4"
"14/01/2021";"1800";"";"";"";"";"";"";"";"";"";""
"15/01/2021";"0000";"25,8";"76,0";"949,6";"2,0";"90,0";"7,0";"7,80";"30,5";"";""
"15/01/2021";"1200";"25,7";"72,0";"950,6";"3,6";"50,0";"8,0";"";"";"21,4";"0,0"
"15/01/2021";"1800";"";"";"";"";"";"";"";"";"";""
"16/01/2021";"0000";"25,0";"80,0";"946,6";"1,0";"50,0";"0,0";"0,00";"25,2";"";""
"16/01/2021";"1200";"21,4";"99,0";"948,2";"2,0";"50,0";"10,0";"";"";"21,1";"14,6"
"16/01/2021";"1800";"";"";"";"";"";"";"";"";"";""
"17/01/2021";"0000";"21,8";"95,0";"945,9";"1,0";"50,0";"10,0";"0,20";"26,7";"";""
"17/01/2021";"1200";"22,7";"96,0";"947,4";"2,0";"320,0";"10,0";"";"";"21,3";"36,1"
"17/01/2021";"1800";"";"";"";"";"";"";"";"";"";""
"18/01/2021";"0000";"22,1";"98,0";"946,3";"1,0";"50,0";"10,0";"0,20";"25,4";"";""
"18/01/2021";"1200";"22,9";"99,0";"948,3";"0,0";"0,0";"10,0";"";"";"21,4";"49,4"
"18/01/2021";"1800";"";"";"";"";"";"";"";"";"";""
"19/01/2021";"0000";"22,8";"99,0";"948,8";"0,0";"0,0";"10,0";"1,00";"27,7";"";""
"19/01/2021";"1200";"24,1";"90,0";"950,8";"1,0";"50,0";"10,0";"";"";"22,3";"17,3"
"19/01/2021";"1800";"";"";"";"";"";"";"";"";"";""
"20/01/2021";"0000";"22,6";"96,0";"950,7";"1,0";"90,0";"9,0";"0,00";"24,5";"";""
"20/01/2021";"1200";"22,5";"93,0";"952,2";"0,0";"0,0";"10,0";"";"";"20,8";"22,4"
"20/01/2021";"1800";"";"";"";"";"";"";"";"";"";""
"21/01/2021";"0000";"22,7";"97,0";"950,4";"1,0";"140,0";"10,0";"0,00";"24,9";"";""
"21/01/2021";"1200";"22,5";"87,0";"953,4";"0,0";"0,0";"10,0";"";"";"21,0";"31,1"
"21/01/2021";"1800";"";"";"";"";"";"";"";"";"";""
"22/01/2021";"0000";"23,6";"92,0";"952,0";"2,0";"140,0";"10,0";"0,10";"26,8";"";""
"22/01/2021";"1200";"21,7";"92,0";"954,0";"2,0";"140,0";"10,0";"";"";"20,2";"5,8"
"22/01/2021";"1800";"";"";"";"";"";"";"";"";"";""
"23/01/2021";"0000";"22,2";"89,0";"953,9";"2,0";"140,0";"4,0";"1,80";"30,5";"";""
"23/01/2021";"1200";"24,5";"74,0";"953,9";"2,0";"50,0";"10,0";"";"";"21,4";"0,0"
"23/01/2021";"1800";"";"";"";"";"";"";"";"";"";""
"24/01/2021";"0000";"21,9";"83,0";"952,3";"0,0";"0,0";"10,0";"1,00";"28,9";"";""
"24/01/2021";"1200";"22,4";"91,0";"952,0";"1,0";"90,0";"10,0";"";"";"20,0";"11,6"
"24/01/2021";"1800";"";"";"";"";"";"";"";"";"";""
"25/01/2021";"0000";"24,4";"81,0";"949,6";"1,0";"90,0";"6,0";"1,40";"28,2";"";""
"25/01/2021";"1200";"22,7";"87,0";"951,4";"0,0";"0,0";"10,0";"";"";"20,6";"0,0"
"25/01/2021";"1800";"";"";"";"";"";"";"";"";"";""
"26/01/2021";"0000";"20,8";"95,0";"950,3";"1,0";"140,0";"10,0";"3,20";"29,2";"";""
"26/01/2021";"1200";"24,1";"82,0";"950,6";"0,0";"0,0";"9,0";"";"";"19,8";"3,3"
"26/01/2021";"1800";"";"";"";"";"";"";"";"";"";""
"27/01/2021";"0000";"25,7";"81,0";"948,3";"1,0";"50,0";"4,0";"1,10";"27,4";"";""
"27/01/2021";"1200";"25,1";"80,0";"949,9";"0,0";"0,0";"8,0";"";"";"21,8";"0,1"
"27/01/2021";"1800";"";"";"";"";"";"";"";"";"";""
"28/01/2021";"0000";"23,0";"78,0";"948,8";"1,0";"270,0";"7,0";"3,40";"29,0";"";""
"28/01/2021";"1200";"23,5";"90,0";"949,6";"1,0";"360,0";"10,0";"";"";"21,4";"1,3"
"28/01/2021";"1800";"";"";"";"";"";"";"";"";"";""
"29/01/2021";"0000";"22,1";"98,0";"948,6";"1,0";"50,0";"10,0";"2,40";"29,8";"";""
"29/01/2021";"1200";"23,0";"93,0";"949,8";"1,0";"320,0";"10,0";"";"";"21,4";"41,8"
"29/01/2021";"1800";"";"";"";"";"";"";"";"";"";""
"30/01/2021";"0000";"29,1";"84,0";"948,8";"1,0";"50,0";"9,0";"0,00";"25,4";"";""
"30/01/2021";"1200";"22,8";"96,0";"951,6";"0,0";"0,0";"10,0";"";"";"19,9";"39,4"
"30/01/2021";"1800";"";"";"";"";"";"";"";"";"";""
"31/01/2021";"0000";"21,0";"99,0";"950,2";"1,0";"90,0";"10,0";"2,20";"27,4";"";""
"31/01/2021";"1200";"22,1";"92,0";"950,6";"1,0";"180,0";"10,0";"";"";"20,0";"33,7"
"31/01/2021";"1800";"";"";"";"";"";"";"";"";"";""
"01/02/2021";"0000";"21,5";"97,0";"950,3";"1,0";"140,0";"10,0";"3,40";"28,3";"";""
"01/02/2021";"1200";"21,9";"94,0";"951,0";"1,0";"360,0";"10,0";"";"";"19,8";"4,4"
"01/02/2021";"1800";"";"";"";"";"";"";"";"";"";""
"02/02/2021";"0000";"24,5";"91,0";"949,1";"1,0";"320,0";"10,0";"8,70";"31,3";"";""
"02/02/2021";"1200";"25,9";"80,0";"950,4";"1,0";"50,0";"6,0";"";"";"21,6";"0,0"
"02/02/2021";"1800";"";"";"";"";"";"";"";"";"";""
"03/02/2021";"0000";"26,5";"76,0";"950,0";"1,0";"140,0";"10,0";"8,90";"32,6";"";""
"03/02/2021";"1200";"27,1";"70,0";"951,9";"0,0";"0,0";"5,0";"";"";"22,6";"0,0"
"03/02/2021";"1800";"";"";"";"";"";"";"";"";"";""
"04/02/2021";"0000";"24,8";"72,0";"950,0";"0,0";"0,0";"10,0";"3,10";"30,1";"";""
"04/02/2021";"1200";"26,5";"77,0";"950,7";"1,0";"320,0";"10,0";"";"";"22,0";"0,3"
"04/02/2021";"1800";"";"";"";"";"";"";"";"";"";""
"05/02/2021";"0000";"24,3";"83,0";"948,6";"2,0";"230,0";"9,0";"12,00";"28,2";"";""
"05/02/2021";"1200";"22,3";"72,0";"948,6";"2,0";"140,0";"1,0";"";"";"20,0";"0,0"
"05/02/2021";"1800";"";"";"";"";"";"";"";"";"";""
"06/02/2021";"0000";"23,6";"58,0";"946,8";"2,0";"230,0";"0,0";"11,90";"28,2";"";""
"06/02/2021";"1200";"21,2";"65,0";"948,4";"2,0";"140,0";"0,0";"";"";"17,8";"0,0"
"06/02/2021";"1800";"";"";"";"";"";"";"";"";"";""
"07/02/2021";"0000";"22,9";"71,0";"948,3";"0,0";"0,0";"0,0";"10,60";"28,9";"";""
"07/02/2021";"1200";"23,9";"66,0";"951,0";"2,0";"140,0";"3,0";"";"";"19,3";"0,0"
"07/02/2021";"1800";"";"";"";"";"";"";"";"";"";""
"08/02/2021";"0000";"24,4";"63,0";"949,0";"1,0";"140,0";"0,0";"12,10";"29,6";"";""
"08/02/2021";"1200";"22,9";"58,0";"952,0";"1,0";"90,0";"0,0";"";"";"18,4";"0,0"
"08/02/2021";"1800";"";"";"";"";"";"";"";"";"";""
"09/02/2021";"0000";"24,4";"64,0";"949,4";"0,0";"0,0";"0,0";"9,50";"28,5";"";""
"09/02/2021";"1200";"23,8";"58,0";"952,4";"2,0";"140,0";"5,0";"";"";"18,3";"0,0"
"09/02/2021";"1800";"";"";"";"";"";"";"";"";"";""
"10/02/2021";"0000";"23,8";"67,0";"950,6";"1,0";"180,0";"2,0";"9,70";"30,8";"";""
"10/02/2021";"1200";"24,9";"58,0";"952,4";"2,0";"140,0";"1,0";"";"";"19,6";"0,0"
"10/02/2021";"1800";"";"";"";"";"";"";"";"";"";""
"11/02/2021";"0000";"25,9";"61,0";"949,4";"2,0";"140,0";"2,0";"3,50";"26,7";"";""
"11/02/2021";"1200";"20,4";"89,0";"952,6";"2,0";"320,0";"10,0";"";"";"20,0";"0,0"
"11/02/2021";"1800";"";"";"";"";"";"";"";"";"";""
"12/02/2021";"0000";"22,5";"80,0";"950,6";"2,0";"50,0";"6,0";"0,30";"24,7";"";""
"12/02/2021";"1200";"22,0";"79,0";"951,6";"2,0";"50,0";"10,0";"";"";"19,2";"0,6"
"12/02/2021";"1800";"";"";"";"";"";"";"";"";"";""
"13/02/2021";"0000";"22,9";"87,0";"950,3";"0,0";"0,0";"9,0";"8,90";"30,3";"";""
"13/02/2021";"1200";"22,7";"87,0";"951,2";"1,0";"90,0";"10,0";"";"";"19,8";"0,3"
"13/02/2021";"1800";"";"";"";"";"";"";"";"";"";""
"14/02/2021";"0000";"25,7";"70,0";"947,8";"1,0";"230,0";"4,0";"2,70";"27,3";"";""
"14/02/2021";"1200";"23,1";"85,0";"949,0";"2,0";"360,0";"10,0";"";"";"20,7";"0,0"
"14/02/2021";"1800";"";"";"";"";"";"";"";"";"";""
"15/02/2021";"0000";"21,5";"83,0";"947,6";"2,0";"140,0";"4,0";"11,20";"29,9";"";""
"15/02/2021";"1200";"22,7";"82,0";"949,4";"0,0";"0,0";"4,0";"";"";"17,4";"1,4"
"15/02/2021";"1800";"";"";"";"";"";"";"";"";"";""
"16/02/2021";"0000";"24,1";"77,0";"946,2";"0,0";"0,0";"0,0";"9,60";"32,2";"";""
"16/02/2021";"1200";"25,7";"76,0";"947,4";"0,0";"0,0";"1,0";"";"";"19,4";"0,0"
"16/02/2021";"1800";"";"";"";"";"";"";"";"";"";""
"17/02/2021";"0000";"23,9";"78,0";"946,3";"1,0";"230,0";"5,0";"11,50";"31,1";"";""
"17/02/2021";"1200";"25,4";"74,0";"947,1";"1,0";"230,0";"4,0";"";"";"20,6";"0,5"
"17/02/2021";"1800";"";"";"";"";"";"";"";"";"";""
"18/02/2021";"0000";"25,4";"58,0";"945,8";"1,0";"230,0";"0,0";"12,00";"30,6";"";""
"18/02/2021";"1200";"23,8";"61,0";"947,4";"2,0";"230,0";"0,0";"";"";"19,2";"0,0"
"18/02/2021";"1800";"";"";"";"";"";"";"";"";"";""
"19/02/2021";"0000";"24,3";"45,0";"946,8";"1,0";"230,0";"0,0";"12,00";"31,5";"";""
"19/02/2021";"1200";"23,4";"56,0";"949,2";"1,0";"140,0";"0,0";"";"";"17,9";"0,0"
"19/02/2021";"1800";"";"";"";"";"";"";"";"";"";""
"20/02/2021";"0000";"25,5";"48,0";"948,7";"1,0";"180,0";"0,0";"9,70";"33,5";"";""
"20/02/2021";"1200";"25,9";"66,0";"951,6";"4,0";"90,0";"0,0";"";"";"18,7";"0,0"
"20/02/2021";"1800";"";"";"";"";"";"";"";"";"";""
"21/02/2021";"0000";"27,3";"60,0";"949,5";"2,0";"140,0";"0,0";"9,70";"33,2";"";""
"21/02/2021";"1200";"25,7";"62,0";"952,0";"2,0";"90,0";"5,0";"";"";"21,6";"0,0"
"21/02/2021";"1800";"";"";"";"";"";"";"";"";"";""
"22/02/2021";"0000";"28,1";"56,0";"949,9";"1,0";"90,0";"0,0";"10,80";"33,3";"";""
"22/02/2021";"1200";"26,4";"58,0";"952,4";"2,0";"90,0";"5,0";"";"";"21,2";"0,0"
"22/02/2021";"1800";"";"";"";"";"";"";"";"";"";""
"23/02/2021";"0000";"27,8";"59,0";"949,6";"0,0";"0,0";"0,0";"11,00";"34,9";"";""
"23/02/2021";"1200";"27,7";"61,0";"952,2";"2,0";"90,0";"0,0";"";"";"22,5";"0,0"
"23/02/2021";"1800";"";"";"";"";"";"";"";"";"";""
"24/02/2021";"0000";"29,3";"50,0";"949,5";"1,0";"140,0";"0,0";"6,70";"35,0";"";""
"24/02/2021";"1200";"29,3";"60,0";"951,0";"1,0";"50,0";"3,0";"";"";"22,3";"0,0"
"24/02/2021";"1800";"";"";"";"";"";"";"";"";"";""
"25/02/2021";"0000";"23,9";"73,0";"949,2";"3,0";"140,0";"7,0";"9,20";"32,7";"";""
"25/02/2021";"1200";"24,9";"74,0";"950,2";"1,0";"50,0";"2,0";"";"";"19,7";"5,8"
"25/02/2021";"1800";"";"";"";"";"";"";"";"";"";""
"26/02/2021";"0000";"24,7";"73,0";"947,1";"1,0";"140,0";"2,0";"9,50";"32,4";"";""
"26/02/2021";"1200";"23,4";"72,0";"950,0";"3,0";"90,0";"6,0";"";"";"21,1";"0,0"
"26/02/2021";"1800";"";"";"";"";"";"";"";"";"";""
"27/02/2021";"0000";"27,1";"56,0";"949,4";"3,0";"50,0";"7,0";"9,20";"31,2";"";""
"27/02/2021";"1200";"25,4";"62,0";"951,8";"2,0";"140,0";"2,0";"";"";"20,0";"0,0"
"27/02/2021";"1800";"";"";"";"";"";"";"";"";"";""
"28/02/2021";"0000";"23,9";"77,0";"949,6";"3,0";"140,0";"6,0";"7,40";"30,0";"";""
"28/02/2021";"1200";"23,8";"72,0";"951,1";"3,0";"90,0";"10,0";"";"";"19,8";"0,0"
"28/02/2021";"1800";"";"";"";"";"";"";"";"";"";""
"01/03/2021";"0000";"23,7";"78,0";"949,5";"4,0";"50,0";"3,0";"7,00";"31,2";"";""
"01/03/2021";"1200";"24,8";"70,0";"950,3";"3,0";"50,0";"6,0";"";"";"19,8";"2,7"
"01/03/2021";"1800";"";"";"";"";"";"";"";"";"";""
"02/03/2021";"0000";"21,7";"92,0";"949,6";"2,0";"90,0";"10,0";"3,60";"31,0";"";""
"02/03/2021";"1200";"22,5";"85,0";"951,2";"1,0";"50,0";"6,0";"";"";"19,3";"17,6"
"02/03/2021";"1800";"";"";"";"";"";"";"";"";"";""
"03/03/2021";"0000";"22,3";"86,0";"951,9";"4,0";"50,0";"7,0";"4,80";"30,4";"";""
"03/03/2021";"1200";"22,8";"84,0";"953,5";"1,0";"50,0";"9,0";"";"";"19,8";"21,7"
"03/03/2021";"1800";"";"";"";"";"";"";"";"";"";""
"04/03/2021";"0000";"24,5";"84,0";"951,1";"3,0";"90,0";"9,0";"0,00";"24,7";"";""
"04/03/2021";"1200";"21,5";"97,0";"951,8";"2,0";"320,0";"10,0";"";"";"19,4";"10,2"
"04/03/2021";"1800";"";"";"";"";"";"";"";"";"";""
"05/03/2021";"0000";"21,3";"95,0";"949,0";"2,0";"50,0";"10,0";"1,10";"25,5";"";""
"05/03/2021";"1200";"20,6";"100,0";"947,8";"1,0";"320,0";"10,0";"";"";"19,6";"42,0"
"05/03/2021";"1800";"";"";"";"";"";"";"";"";"";""
"06/03/2021";"0000";"22,7";"97,0";"946,6";"0,0";"0,0";"9,0";"6,40";"30,3";"";""
"06/03/2021";"1200";"22,7";"92,0";"948,3";"2,0";"230,0";"9,0";"";"";"20,3";"6,3"
"06/03/2021";"1800";"";"";"";"";"";"";"";"";"";""
"07/03/2021";"0000";"22,8";"88,0";"948,2";"1,0";"90,0";"7,0";"6,60";"30,7";"";""
"07/03/2021";"1200";"24,5";"82,0";"950,2";"1,0";"320,0";"1,0";"";"";"19,5";"0,8"
"07/03/2021";"1800";"";"";"";"";"";"";"";"";"";""
"08/03/2021";"0000";"22,8";"84,0";"948,4";"1,0";"50,0";"2,0";"9,30";"30,8";"";""
"08/03/2021";"1200";"24,3";"76,0";"951,6";"2,0";"50,0";"1,0";"";"";"19,5";"0,0"
"08/03/2021";"1800";"";"";"";"";"";"";"";"";"";""
"09/03/2021";"0000";"24,1";"78,0";"949,1";"0,0";"0,0";"9,0";"10,20";"31,9";"";""
"09/03/2021";"1200";"24,9";"79,0";"949,9";"1,0";"320,0";"3,0";"";"";"20,0";"4,3"
"09/03/2021";"1800";"";"";"";"";"";"";"";"";"";""
"10/03/2021";"0000";"24,8";"68,0";"947,6";"2,0";"90,0";"4,0";"11,00";"31,5";"";""
"10/03/2021";"1200";"23,1";"72,0";"948,8";"2,0";"50,0";"0,0";"";"";"18,7";"0,0"
"10/03/2021";"1800";"";"";"";"";"";"";"";"";"";""
"11/03/2021";"0000";"25,8";"52,0";"946,4";"2,0";"230,0";"0,0";"11,40";"33,2";"";""
"11/03/2021";"1200";"26,7";"64,0";"948,6";"0,0";"0,0";"0,0";"";"";"18,5";"0,0"
"11/03/2021";"1800";"";"";"";"";"";"";"";"";"";""
"12/03/2021";"0000";"25,9";"55,0";"949,0";"1,0";"230,0";"0,0";"11,40";"33,8";"";""
"12/03/2021";"1200";"26,1";"59,0";"951,4";"1,0";"320,0";"2,0";"";"";"19,2";"0,0"
"12/03/2021";"1800";"";"";"";"";"";"";"";"";"";""
"13/03/2021";"0000";"27,2";"51,0";"949,6";"1,0";"230,0";"0,0";"11,00";"33,6";"";""
"13/03/2021";"1200";"26,7";"64,0";"953,1";"2,0";"50,0";"1,0";"";"";"21,5";"0,0"
"13/03/2021";"1800";"";"";"";"";"";"";"";"";"";""
"14/03/2021";"0000";"27,2";"55,0";"949,9";"0,0";"0,0";"0,0";"9,60";"34,1";"";""
"14/03/2021";"1200";"27,8";"61,0";"953,4";"3,0";"50,0";"4,0";"";"";"21,7";"0,0"
"14/03/2021";"1800";"";"";"";"";"";"";"";"";"";""
"15/03/2021";"0000";"25,5";"71,0";"951,8";"0,0";"0,0";"6,0";"7,80";"32,4";"";""
"15/03/2021";"1200";"26,3";"70,0";"952,0";"2,0";"50,0";"4,0";"";"";"21,8";"4,4"
"15/03/2021";"1800";"";"";"";"";"";"";"";"";"";""
"16/03/2021";"0000";"23,3";"87,0";"951,4";"1,0";"270,0";"9,0";"11,00";"33,4";"";""
"16/03/2021";"1200";"26,6";"68,0";"950,7";"1,0";"50,0";"4,0";"";"";"22,1";"2,3"
"16/03/2021";"1800";"";"";"";"";"";"";"";"";"";""
"17/03/2021";"0000";"27,0";"66,0";"948,7";"2,0";"320,0";"1,0";"1,40";"28,0";"";""
"17/03/2021";"1200";"25,0";"79,0";"949,9";"0,0";"0,0";"10,0";"";"";"20,7";"0,0"
"17/03/2021";"1800";"";"";"";"";"";"";"";"";"";""
"18/03/2021";"0000";"23,4";"91,0";"948,4";"1,0";"140,0";"1,0";"10,20";"32,1";"";""
"18/03/2021";"1200";"23,4";"88,0";"950,3";"1,0";"180,0";"2,0";"";"";"20,0";"17,6"
"18/03/2021";"1800";"";"";"";"";"";"";"";"";"";""
"19/03/2021";"0000";"24,9";"75,0";"949,2";"0,0";"0,0";"1,0";"8,20";"31,2";"";""
"19/03/2021";"1200";"25,0";"71,0";"951,9";"3,0";"50,0";"4,0";"";"";"21,6";"0,2"
"19/03/2021";"1800";"";"";"";"";"";"";"";"";"";""
"20/03/2021";"0000";"26,7";"67,0";"950,8";"2,0";"90,0";"5,0";"8,50";"32,4";"";""
"20/03/2021";"1200";"25,1";"73,0";"954,4";"3,0";"50,0";"8,0";"";"";"21,3";"3,1"
"20/03/2021";"1800";"";"";"";"";"";"";"";"";"";""
"21/03/2021";"0000";"26,9";"68,0";"952,7";"2,0";"90,0";"2,0";"5,30";"32,0";"";""
"21/03/2021";"1200";"27,8";"69,0";"954,8";"1,0";"50,0";"7,0";"";"";"23,0";"0,0"
"21/03/2021";"1800";"";"";"";"";"";"";"";"";"";""
"22/03/2021";"0000";"23,8";"85,0";"953,6";"1,0";"140,0";"6,0";"7,20";"34,2";"";""
"22/03/2021";"1200";"25,7";"76,0";"954,2";"1,0";"90,0";"8,0";"";"";"21,5";"6,5"
"22/03/2021";"1800";"";"";"";"";"";"";"";"";"";""
"23/03/2021";"0000";"25,3";"78,0";"953,5";"5,0";"180,0";"4,0";"10,10";"34,3";"";""
"23/03/2021";"1200";"26,8";"69,0";"953,9";"1,0";"50,0";"2,0";"";"";"22,8";"0,2"
"23/03/2021";"1800";"";"";"";"";"";"";"";"";"";""
"24/03/2021";"0000";"27,0";"62,0";"952,3";"0,0";"0,0";"2,0";"7,00";"34,5";"";""
"24/03/2021";"1200";"27,5";"66,0";"954,2";"2,0";"50,0";"6,0";"";"";"22,2";"0,0"
"24/03/2021";"1800";"";"";"";"";"";"";"";"";"";""
"25/03/2021";"0000";"26,5";"63,0";"952,8";"5,0";"90,0";"6,0";"10,90";"34,6";"";""
"25/03/2021";"1200";"27,2";"65,0";"953,8";"2,0";"50,0";"5,0";"";"";"22,3";"5,3"
"25/03/2021";"1800";"";"";"";"";"";"";"";"";"";""
"26/03/2021";"0000";"28,5";"59,0";"952,2";"1,0";"90,0";"2,0";"9,00";"34,4";"";""
"26/03/2021";"1200";"28,3";"64,0";"952,4";"1,0";"50,0";"2,0";"";"";"24,2";"0,0"
"26/03/2021";"1800";"";"";"";"";"";"";"";"";"";""
"27/03/2021";"0000";"26,3";"62,0";"951,6";"3,0";"140,0";"10,0";"6,10";"33,5";"";""
"27/03/2021";"1200";"27,5";"64,0";"951,6";"1,0";"50,0";"10,0";"";"";"23,3";"0,0"
"27/03/2021";"1800";"";"";"";"";"";"";"";"";"";""
"28/03/2021";"0000";"24,8";"73,0";"949,2";"1,0";"50,0";"9,0";"9,30";"32,9";"";""
"28/03/2021";"1200";"25,7";"68,0";"953,0";"2,0";"50,0";"4,0";"";"";"21,0";"0,0"
"28/03/2021";"1800";"";"";"";"";"";"";"";"";"";""
"29/03/2021";"0000";"27,7";"56,0";"950,3";"2,0";"230,0";"6,0";"10,80";"33,7";"";""
"29/03/2021";"1200";"26,8";"66,0";"952,0";"1,0";"140,0";"1,0";"";"";"22,4";"0,1"
"29/03/2021";"1800";"";"";"";"";"";"";"";"";"";""
"30/03/2021";"0000";"26,5";"64,0";"951,4";"3,0";"230,0";"9,0";"8,00";"29,1";"";""
"30/03/2021";"1200";"23,5";"74,0";"951,2";"1,0";"230,0";"5,0";"";"";"19,9";"0,0"
"30/03/2021";"1800";"";"";"";"";"";"";"";"";"";""
"31/03/2021";"0000";"21,5";"73,0";"949,9";"3,0";"230,0";"1,0";"10,90";"28,2";"";""
"31/03/2021";"1200";"20,4";"72,0";"950,3";"1,0";"140,0";"0,0";"";"";"16,5";"0,0"
"31/03/2021";"1800";"";"";"";"";"";"";"";"";"";""
"01/04/2021";"0000";"22,1";"60,0";"947,9";"1,0";"140,0";"0,0";"10,60";"29,5";"";""
"01/04/2021";"1200";"22,5";"57,0";"950,7";"2,0";"140,0";"4,0";"";"";"17,1";"0,0"
"01/04/2021";"1800";"29,5";"33,0";"948,6";"1,0";"360,0";"5,0";"";"";"";""
"02/04/2021";"0000";"23,1";"48,0";"949,9";"3,0";"140,0";"0,0";"10,90";"30,4";"";""
"02/04/2021";"1200";"21,7";"59,0";"953,8";"3,0";"90,0";"0,0";"";"";"17,8";"0,0"
"02/04/2021";"1800";"20,3";"33,0";"951,6";"1,0";"270,0";"1,0";"";"";"";""
"03/04/2021";"0000";"23,5";"52,0";"952,7";"2,0";"140,0";"0,0";"10,50";"30,3";"";""
"03/04/2021";"1200";"23,1";"56,0";"955,2";"3,0";"90,0";"2,0";"";"";"18,4";"0,0"
"03/04/2021";"1800";"";"";"";"";"";"";"";"";"";""
"04/04/2021";"0000";"24,5";"56,0";"953,1";"2,0";"140,0";"1,0";"10,50";"31,0";"";""
"04/04/2021";"1200";"23,5";"62,0";"955,8";"1,0";"90,0";"4,0";"";"";"19,2";"0,0"
"04/04/2021";"1800";"";"";"";"";"";"";"";"";"";""
"05/04/2021";"0000";"24,3";"57,0";"951,9";"1,0";"140,0";"0,0";"10,40";"29,9";"";""
"05/04/2021";"1200";"22,5";"66,0";"955,4";"1,0";"90,0";"3,0";"";"";"18,2";"0,0"
"05/04/2021";"1800";"29,8";"40,0";"951,2";"1,0";"90,0";"4,0";"";"";"";""
"06/04/2021";"0000";"24,7";"56,0";"952,0";"3,0";"90,0";"1,0";"9,30";"29,8";"";""
"06/04/2021";"1200";"23,6";"64,0";"953,6";"2,0";"90,0";"7,0";"";"";"19,4";"0,0"
"06/04/2021";"1800";"29,5";"48,0";"950,8";"3,0";"180,0";"6,0";"";"";"";""
"07/04/2021";"0000";"24,7";"63,0";"952,6";"3,0";"140,0";"7,0";"10,50";"30,6";"";""
"07/04/2021";"1200";"23,3";"64,0";"955,0";"3,0";"90,0";"3,0";"";"";"19,8";"0,0"
"07/04/2021";"1800";"29,5";"46,0";"952,3";"2,0";"90,0";"6,0";"";"";"";""
"08/04/2021";"0000";"24,3";"62,0";"953,9";"3,0";"90,0";"0,0";"10,30";"30,6";"";""
"08/04/2021";"1200";"23,6";"62,0";"955,5";"6,0";"50,0";"4,0";"";"";"19,9";"0,0"
"08/04/2021";"1800";"29,7";"47,0";"953,4";"4,0";"50,0";"6,0";"";"";"";""
"09/04/2021";"0000";"25,2";"60,0";"954,0";"3,0";"90,0";"1,0";"10,80";"30,9";"";""
"09/04/2021";"1200";"22,7";"67,0";"957,6";"4,0";"50,0";"0,0";"";"";"19,8";"0,0"
"09/04/2021";"1800";"30,8";"35,0";"953,9";"3,0";"50,0";"3,0";"";"";"";""
"10/04/2021";"0000";"24,9";"49,0";"954,2";"2,0";"90,0";"0,0";"10,80";"31,4";"";""
"10/04/2021";"1200";"25,2";"47,0";"954,7";"3,0";"50,0";"2,0";"";"";"20,7";"0,0"
"10/04/2021";"1800";"";"";"";"";"";"";"";"";"";""
"11/04/2021";"0000";"25,6";"47,0";"951,0";"0,0";"0,0";"0,0";"8,10";"32,2";"";""
"11/04/2021";"1200";"26,3";"53,0";"953,9";"0,0";"0,0";"4,0";"";"";"19,0";"0,0"
"11/04/2021";"1800";"";"";"";"";"";"";"";"";"";""
"12/04/2021";"0000";"24,9";"61,0";"951,8";"1,0";"50,0";"0,0";"9,20";"32,8";"";""
"12/04/2021";"1200";"25,7";"63,0";"953,1";"0,0";"0,0";"7,0";"";"";"21,8";"0,0"
"12/04/2021";"1800";"32,3";"41,0";"951,5";"2,0";"270,0";"6,0";"";"";"";""
"13/04/2021";"0000";"25,6";"77,0";"952,6";"1,0";"230,0";"2,0";"8,30";"32,3";"";""
"13/04/2021";"1200";"25,3";"74,0";"955,0";"2,0";"90,0";"0,0";"";"";"22,2";"0,0"
"13/04/2021";"1800";"31,8";"49,0";"952,1";"1,0";"320,0";"7,0";"";"";"";""
"14/04/2021";"0000";"23,8";"79,0";"953,9";"3,0";"50,0";"9,0";"9,50";"30,0";"";""
"14/04/2021";"1200";"22,1";"";"966,4";"2,0";"140,0";"2,0";"";"";"19,1";"3,1"
"14/04/2021";"1800";"29,3";"";"952,8";"1,0";"90,0";"7,0";"";"";"";""
"15/04/2021";"0000";"24,2";"";"953,4";"2,0";"90,0";"3,0";"9,70";"30,8";"";""
"15/04/2021";"1200";"21,3";"65,0";"955,1";"3,0";"90,0";"3,0";"";"";"17,4";"0,0"
"15/04/2021";"1800";"30,8";"43,0";"951,2";"1,0";"140,0";"3,0";"";"";"";""
"16/04/2021";"0000";"27,1";"55,0";"952,3";"2,0";"180,0";"2,0";"6,80";"26,8";"";""
"16/04/2021";"1200";"22,4";"66,0";"953,0";"2,0";"50,0";"9,0";"";"";"18,6";"0,0"
"16/04/2021";"1800";"23,5";"60,0";"951,1";"3,0";"230,0";"7,0";"";"";"";""
"17/04/2021";"0000";"21,3";"78,0";"950,4";"2,0";"140,0";"2,0";"7,30";"26,4";"";""
"17/04/2021";"1200";"22,7";"72,0";"952,4";"2,0";"50,0";"4,0";"";"";"17,2";"0,0"
"17/04/2021";"1800";"";"";"";"";"";"";"";"";"";""
"18/04/2021";"0000";"22,1";"68,0";"950,2";"2,0";"180,0";"0,0";"10,70";"28,4";"";""
"18/04/2021";"1200";"21,5";"73,0";"952,7";"1,0";"140,0";"0,0";"";"";"17,6";"0,0"
"18/04/2021";"1800";"";"";"";"";"";"";"";"";"";""
"19/04/2021";"0000";"23,2";"71,0";"951,0";"0,0";"0,0";"2,0";"10,60";"28,4";"";""
"19/04/2021";"1200";"22,0";"71,0";"954,6";"2,0";"140,0";"0,0";"";"";"18,0";"0,0"
"19/04/2021";"1800";"28,0";"45,0";"951,8";"1,0";"230,0";"4,0";"";"";"";""
"20/04/2021";"0000";"23,0";"61,0";"952,7";"2,0";"140,0";"1,0";"10,50";"28,5";"";""
"20/04/2021";"1200";"21,7";"67,0";"955,4";"2,0";"90,0";"0,0";"";"";"16,7";"0,0"
"20/04/2021";"1800";"28,3";"43,0";"952,8";"0,0";"0,0";"5,0";"";"";"";""
"21/04/2021";"0000";"22,8";"56,0";"953,8";"2,0";"140,0";"0,0";"10,50";"28,5";"";""
"21/04/2021";"1200";"21,7";"67,0";"955,4";"2,0";"90,0";"0,0";"";"";"16,7";"0,0"
"21/04/2021";"1800";"28,3";"43,0";"952,8";"0,0";"0,0";"5,0";"";"";"";""
"22/04/2021";"0000";"22,8";"56,0";"953,8";"2,0";"140,0";"1,0";"10,50";"28,0";"";""
"22/04/2021";"1200";"20,2";"66,0";"955,1";"2,0";"90,0";"0,0";"";"";"16,1";"0,0"
"22/04/2021";"1800";"27,1";"45,0";"951,9";"2,0";"90,0";"5,0";"";"";"";""
"23/04/2021";"0000";"21,7";"61,0";"952,8";"1,0";"90,0";"1,0";"9,10";"27,3";"";""
"23/04/2021";"1200";"19,8";"60,0";"955,2";"3,0";"90,0";"8,0";"";"";"16,0";"0,0"
"23/04/2021";"1800";"27,3";"41,0";"951,4";"2,0";"50,0";"7,0";"";"";"";""
"24/04/2021";"0000";"21,5";"64,0";"952,6";"1,0";"140,0";"2,0";"8,70";"29,4";"";""
"24/04/2021";"1200";"22,0";"61,0";"953,2";"2,0";"50,0";"4,0";"";"";"16,7";"0,0"
"24/04/2021";"1800";"";"";"";"";"";"";"";"";"";""
"25/04/2021";"0000";"23,4";"54,0";"951,8";"2,0";"230,0";"7,0";"3,20";"26,7";"";""
"25/04/2021";"1200";"19,4";"84,0";"951,5";"3,0";"140,0";"9,0";"";"";"18,8";"0,0"
"25/04/2021";"1800";"";"";"";"";"";"";"";"";"";""
"26/04/2021";"0000";"20,6";"77,0";"951,8";"1,0";"230,0";"3,0";"10,40";"26,8";"";""
"26/04/2021";"1200";"19,0";"79,0";"952,3";"2,0";"140,0";"0,0";"";"";"16,6";"0,0"
"26/04/2021";"1800";"26,4";"45,0";"949,8";"2,0";"230,0";"4,0";"";"";"";""
"27/04/2021";"0000";"20,9";"54,0";"951,9";"3,0";"230,0";"0,0";"10,50";"26,5";"";""
"27/04/2021";"1200";"20,2";"57,0";"953,2";"1,0";"180,0";"0,0";"";"";"13,8";"0,0"
"27/04/2021";"1800";"26,5";"28,0";"951,0";"2,0";"230,0";"0,0";"";"";"";""
"28/04/2021";"0000";"20,6";"43,0";"952,2";"3,0";"230,0";"0,0";"10,40";"27,0";"";""
"28/04/2021";"1200";"19,2";"73,0";"954,2";"2,0";"90,0";"0,0";"";"";"12,2";"0,0"
"28/04/2021";"1800";"26,5";"33,0";"953,0";"2,0";"230,0";"4,0";"";"";"";""
"29/04/2021";"0000";"19,7";"56,0";"954,4";"1,0";"180,0";"0,0";"10,30";"27,4";"";""
"29/04/2021";"1200";"19,9";"64,0";"957,1";"3,0";"50,0";"1,0";"";"";"16,1";"0,0"
"29/04/2021";"1800";"27,1";"36,0";"955,6";"2,0";"140,0";"2,0";"";"";"";""
"30/04/2021";"0000";"20,9";"46,0";"957,1";"2,0";"90,0";"0,0";"10,10";"26,5";"";""
"30/04/2021";"1200";"18,6";"67,0";"958,6";"2,0";"140,0";"2,0";"";"";"14,4";"0,0"
"30/04/2021";"1800";"26,5";"42,0";"955,2";"3,0";"50,0";"6,0";"";"";"";""
"01/05/2021";"0000";"20,8";"61,0";"955,8";"3,0";"90,0";"0,0";"9,70";"29,0";"";""
"01/05/2021";"1200";"20,4";"62,0";"957,0";"2,0";"90,0";"0,0";"";"";"16,8";"0,0"
"01/05/2021";"1800";"";"";"";"";"";"";"";"";"";""
"02/05/2021";"0000";"23,4";"63,0";"954,7";"3,0";"90,0";"0,0";"9,70";"29,7";"";""
"02/05/2021";"1200";"22,1";"60,0";"956,8";"3,0";"90,0";"2,0";"";"";"19,0";"0,0"
"02/05/2021";"1800";"";"";"";"";"";"";"";"";"";""
"03/05/2021";"0000";"23,6";"56,0";"954,7";"0,0";"0,0";"0,0";"10,10";"30,5";"";""
"03/05/2021";"1200";"23,6";"51,0";"958,8";"3,0";"90,0";"0,0";"";"";"19,6";"0,0"
"03/05/2021";"1800";"30,5";"36,0";"953,1";"1,0";"90,0";"1,0";"";"";"";""
"04/05/2021";"0000";"23,6";"49,0";"953,8";"2,0";"90,0";"0,0";"10,10";"30,9";"";""
"04/05/2021";"1200";"23,3";"54,0";"955,5";"3,0";"50,0";"0,0";"";"";"19,3";"0,0"
"04/05/2021";"1800";"30,9";"31,0";"953,4";"1,0";"360,0";"0,0";"";"";"";""
"05/05/2021";"0000";"24,7";"51,0";"954,6";"1,0";"140,0";"0,0";"10,00";"32,2";"";""
"05/05/2021";"1200";"22,5";"63,0";"955,1";"0,0";"0,0";"0,0";"";"";"15,6";"0,0"
"05/05/2021";"1800";"31,8";"26,0";"951,8";"1,0";"320,0";"1,0";"";"";"";""
"06/05/2021";"0000";"23,2";"50,0";"952,4";"0,0";"0,0";"0,0";"6,70";"27,0";"";""
"06/05/2021";"1200";"21,8";"84,0";"954,0";"1,0";"270,0";"5,0";"";"";"16,9";"0,0"
"06/05/2021";"1800";"23,1";"75,0";"952,6";"3,0";"270,0";"10,0";"";"";"";""
"07/05/2021";"0000";"17,1";"84,0";"955,2";"2,0";"230,0";"9,0";"8,40";"26,3";"";""
"07/05/2021";"1200";"16,0";"78,0";"956,6";"2,0";"180,0";"2,0";"";"";"13,9";"0,0"
"07/05/2021";"1800";"26,3";"44,0";"955,1";"1,0";"50,0";"5,0";"";"";"";""
"08/05/2021";"0000";"19,2";"75,0";"957,6";"2,0";"90,0";"1,0";"10,00";"26,5";"";""
"08/05/2021";"1200";"17,6";"70,0";"960,2";"3,0";"90,0";"0,0";"";"";"14,6";"0,0"
"08/05/2021";"1800";"";"";"";"";"";"";"";"";"";""
"09/05/2021";"0000";"20,5";"63,0";"958,2";"2,0";"90,0";"0,0";"10,10";"28,3";"";""
"09/05/2021";"1200";"19,7";"65,0";"959,5";"2,0";"90,0";"0,0";"";"";"15,1";"0,0"
"09/05/2021";"1800";"";"";"";"";"";"";"";"";"";""
"10/05/2021";"0000";"22,0";"65,0";"957,1";"1,0";"140,0";"1,0";"9,80";"28,6";"";""
"10/05/2021";"1200";"21,4";"58,0";"958,4";"1,0";"140,0";"0,0";"";"";"15,0";"0,0"
"10/05/2021";"1800";"28,3";"35,0";"954,8";"1,0";"270,0";"3,0";"";"";"";""
"11/05/2021";"0000";"21,7";"53,0";"955,0";"1,0";"140,0";"1,0";"9,00";"29,7";"";""
"11/05/2021";"1200";"22,5";"52,0";"954,8";"0,0";"0,0";"6,0";"";"";"16,4";"0,0"
"11/05/2021";"1800";"29,7";"32,0";"951,1";"1,0";"270,0";"4,0";"";"";"";""
"12/05/2021";"0000";"24,5";"48,0";"952,7";"1,0";"150,0";"8,0";"0,00";"25,1";"";""
"12/05/2021";"1200";"20,2";"76,0";"953,6";"0,0";"0,0";"10,0";"";"";"13,6";"0,0"
"12/05/2021";"1800";"17,4";"95,0";"953,9";"1,0";"180,0";"10,0";"";"";"";""
"13/05/2021";"0000";"16,6";"98,0";"955,5";"0,0";"0,0";"9,0";"9,80";"24,0";"";""
"13/05/2021";"1200";"17,1";"85,0";"957,2";"1,0";"90,0";"2,0";"";"";"14,0";"11,8"
"13/05/2021";"1800";"23,7";"53,0";"955,2";"1,0";"50,0";"5,0";"";"";"";""
"14/05/2021";"0000";"17,2";"75,0";"956,8";"2,0";"90,0";"0,0";"5,00";"22,9";"";""
"14/05/2021";"1200";"18,0";"68,0";"956,7";"2,0";"90,0";"4,0";"";"";"14,6";"0,0"
"14/05/2021";"1800";"22,7";"55,0";"954,7";"0,0";"0,0";"9,0";"";"";"";""
"15/05/2021";"0000";"19,2";"68,0";"955,2";"1,0";"140,0";"9,0";"9,90";"25,7";"";""
"15/05/2021";"1200";"19,4";"66,0";"955,8";"1,0";"140,0";"2,0";"";"";"14,2";"0,0"
"15/05/2021";"1800";"";"";"";"";"";"";"";"";"";""
"16/05/2021";"0000";"20,3";"63,0";"954,6";"1,0";"140,0";"0,0";"9,90";"27,1";"";""
"16/05/2021";"1200";"20,7";"68,0";"956,2";"0,0";"0,0";"1,0";"";"";"15,0";"0,0"
"16/05/2021";"1800";"";"";"";"";"";"";"";"";"";""
"17/05/2021";"0000";"20,5";"75,0";"954,8";"1,0";"90,0";"0,0";"10,00";"26,6";"";""
"17/05/2021";"1200";"20,2";"75,0";"956,2";"0,0";"0,0";"0,0";"";"";"14,8";"0,0"
"17/05/2021";"1800";"26,2";"50,0";"953,1";"2,0";"230,0";"4,0";"";"";"";""
"18/05/2021";"0000";"21,8";"63,0";"954,2";"4,0";"230,0";"0,0";"10,10";"25,3";"";""
"18/05/2021";"1200";"18,8";"68,0";"955,2";"1,0";"140,0";"0,0";"";"";"14,9";"0,0"
"18/05/2021";"1800";"24,9";"37,0";"952,6";"1,0";"230,0";"2,0";"";"";"";""
"19/05/2021";"0000";"18,0";"61,0";"953,8";"1,0";"140,0";"1,0";"10,00";"28,5";"";""
"19/05/2021";"1200";"19,4";"58,0";"954,8";"1,0";"140,0";"2,0";"";"";"12,2";"0,0"
"19/05/2021";"1800";"27,8";"33,0";"951,6";"1,0";"320,0";"0,0";"";"";"";""
"20/05/2021";"0000";"20,2";"49,0";"952,4";"1,0";"140,0";"0,0";"9,70";"30,0";"";""
"20/05/2021";"1200";"21,3";"58,0";"952,8";"1,0";"90,0";"2,0";"";"";"13,8";"0,0"
"20/05/2021";"1800";"29,5";"33,0";"950,3";"1,0";"320,0";"4,0";"";"";"";""
"21/05/2021";"0000";"22,5";"54,0";"950,3";"2,0";"90,0";"1,0";"6,40";"31,4";"";""
"21/05/2021";"1200";"21,5";"52,0";"951,2";"0,0";"0,0";"10,0";"";"";"18,2";"0,0"
"21/05/2021";"1800";"31,4";"29,0";"946,7";"4,0";"320,0";"4,0";"";"";"";""
"22/05/2021";"0000";"25,0";"47,0";"947,9";"2,0";"50,0";"2,0";"4,00";"25,8";"";""
"22/05/2021";"1200";"21,3";"88,0";"949,2";"0,0";"0,0";"10,0";"";"";"18,2";"14,0"
"22/05/2021";"1800";"";"";"";"";"";"";"";"";"";""
"23/05/2021";"0000";"19,8";"93,0";"949,6";"2,0";"90,0";"10,0";"9,30";"21,3";"";""
"23/05/2021";"1200";"15,8";"68,0";"952,7";"4,0";"180,0";"2,0";"";"";"14,5";"9,6"
"23/05/2021";"1800";"";"";"";"";"";"";"";"";"";""
"24/05/2021";"0000";"14,7";"52,0";"955,1";"3,0";"230,0";"2,0";"9,80";"20,2";"";""
"24/05/2021";"1200";"10,8";"72,0";"955,8";"8,0";"230,0";"6,0";"";"";"9,2";"0,0"
"24/05/2021";"1800";"19,6";"43,0";"954,0";"3,0";"230,0";"5,0";"";"";"";""
"25/05/2021";"0000";"12,7";"75,0";"956,0";"0,0";"0,0";"7,0";"9,50";"25,1";"";""
"25/05/2021";"1200";"14,6";"65,0";"957,2";"0,0";"0,0";"2,0";"";"";"9,2";"0,0"
"25/05/2021";"1800";"25,1";"31,0";"954,8";"2,0";"320,0";"6,0";"";"";"";""
"26/05/2021";"0000";"18,8";"47,0";"956,7";"2,0";"180,0";"5,0";"5,20";"26,1";"";""
"26/05/2021";"1200";"17,2";"79,0";"956,3";"0,0";"0,0";"10,0";"";"";"13,9";"0,4"
"26/05/2021";"1800";"25,7";"34,0";"953,8";"0,0";"0,0";"7,0";"";"";"";""
"27/05/2021";"0000";"20,4";"60,0";"954,6";"1,0";"140,0";"2,0";"9,30";"29,7";"";""
"27/05/2021";"1200";"22,1";"57,0";"954,0";"0,0";"0,0";"5,0";"";"";"16,4";"0,0"
"27/05/2021";"1800";"29,7";"93,0";"950,4";"1,0";"320,0";"4,0";"";"";"";""
"28/05/2021";"0000";"22,9";"42,0";"950,6";"1,0";"90,0";"1,0";"6,60";"30,5";"";""
"28/05/2021";"1200";"22,8";"63,0";"950,2";"1,0";"50,0";"9,0";"";"";"20,6";"0,0"
"28/05/2021";"1800";"29,8";"44,0";"945,9";"4,0";"320,0";"9,0";"";"";"";""
"29/05/2021";"0000";"24,2";"72,0";"946,7";"1,0";"320,0";"7,0";"3,90";"30,1";"";""
"29/05/2021";"1200";"22,2";"82,0";"951,1";"0,0";"0,0";"9,0";"";"";"21,4";"0,0"
"29/05/2021";"1800";"";"";"";"";"";"";"";"";"";""
"30/05/2021";"0000";"24,3";"68,0";"951,1";"2,0";"140,0";"4,0";"0,00";"24,9";"";""
"30/05/2021";"1200";"16,7";"99,0";"955,6";"2,0";"140,0";"10,0";"";"";"16,2";"81,0"
"30/05/2021";"1800";"";"";"";"";"";"";"";"";"";""
"31/05/2021";"0000";"17,4";"100,0";"953,8";"0,0";"0,0";"10,0";"0,60";"21,2";"";""
"31/05/2021";"1200";"17,6";"100,0";"956,0";"0,0";"0,0";"10,0";"";"";"16,0";"36,8"
"31/05/2021";"1800";"20,8";"87,0";"954,3";"1,0";"230,0";"9,0";"";"";"";""
"01/06/2021";"0000";"17,4";"100,0";"955,4";"0,0";"0,0";"8,0";"5,30";"24,2";"";""
"01/06/2021";"1200";"15,3";"100,0";"955,0";"1,0";"140,0";"10,0";"";"";"14,0";"0,8"
"01/06/2021";"1800";"23,4";"70,0";"952,2";"1,0";"360,0";"3,0";"";"";"";""
"02/06/2021";"0000";"18,7";"94,0";"952,2";"2,0";"140,0";"0,0";"9,60";"27,9";"";""
"02/06/2021";"1200";"19,9";"79,0";"954,0";"0,0";"0,0";"5,0";"";"";"16,0";"0,0"
"02/06/2021";"1800";"27,9";"51,0";"952,2";"2,0";"320,0";"4,0";"";"";"";""
"03/06/2021";"0000";"20,6";"82,0";"954,4";"0,0";"0,0";"0,0";"9,90";"29,7";"";""
"03/06/2021";"1200";"23,0";"70,0";"955,9";"0,0";"0,0";"0,0";"";"";"16,6";"0,0"
"03/06/2021";"1800";"29,7";"44,0";"954,4";"1,0";"360,0";"2,0";"";"";"";""
"04/06/2021";"0000";"22,3";"67,0";"955,1";"2,0";"90,0";"0,0";"9,90";"28,8";"";""
"04/06/2021";"1200";"22,5";"66,0";"957,1";"3,0";"50,0";"0,0";"";"";"19,8";"0,0"
"04/06/2021";"1800";"28,7";"46,0";"954,8";"2,0";"50,0";"0,0";"";"";"";""
"05/06/2021";"0000";"23,1";"66,0";"954,7";"3,0";"90,0";"0,0";"9,70";"28,7";"";""
"05/06/2021";"1200";"23,5";"55,0";"955,8";"1,0";"50,0";"0,0";"";"";"20,4";"0,0"
"05/06/2021";"1800";"";"";"";"";"";"";"";"";"";""
"06/06/2021";"0000";"22,9";"65,0";"953,6";"1,0";"90,0";"0,0";"4,60";"28,2";"";""
"06/06/2021";"1200";"23,3";"53,0";"954,6";"3,0";"50,0";"3,0";"";"";"17,0";"0,0"
"06/06/2021";"1800";"";"";"";"";"";"";"";"";"";""
"07/06/2021";"0000";"17,2";"94,0";"953,6";"5,0";"180,0";"10,0";"1,10";"20,4";"";""
"07/06/2021";"1200";"16,6";"97,0";"954,4";"1,0";"90,0";"9,0";"";"";"15,0";"23,3"
"07/06/2021";"1800";"19,4";"94,0";"954,7";"1,0";"230,0";"10,0";"";"";"";""
"08/06/2021";"0000";"17,6";"96,0";"954,6";"1,0";"90,0";"7,0";"1,80";"21,7";"";""
"08/06/2021";"1200";"17,4";"86,0";"955,1";"2,0";"90,0";"10,0";"";"";"16,2";"6,6"
"08/06/2021";"1800";"20,6";"75,0";"953,4";"1,0";"50,0";"9,0";"";"";"";""
"09/06/2021";"0000";"17,6";"92,0";"954,7";"1,0";"90,0";"7,0";"6,40";"24,1";"";""
"09/06/2021";"1200";"19,1";"80,0";"955,2";"2,0";"50,0";"2,0";"";"";"15,8";"0,0"
"09/06/2021";"1800";"23,2";"69,0";"953,1";"2,0";"360,0";"7,0";"";"";"";""
"10/06/2021";"0000";"19,2";"82,0";"953,5";"2,0";"90,0";"2,0";"0,00";"19,8";"";""
"10/06/2021";"1200";"17,6";"98,0";"954,6";"0,0";"0,0";"10,0";"";"";"17,1";"3,0"
"10/06/2021";"1800";"19,8";"91,0";"953,0";"1,0";"320,0";"10,0";"";"";"";""
"11/06/2021";"0000";"17,9";"99,0";"954,2";"0,0";"0,0";"4,0";"4,60";"23,4";"";""
"11/06/2021";"1200";"18,0";"100,0";"954,8";"0,0";"0,0";"10,0";"";"";"16,9";"1,1"
"11/06/2021";"1800";"22,7";"72,0";"954,0";"1,0";"180,0";"4,0";"";"";"";""
"12/06/2021";"0000";"18,6";"76,0";"955,9";"3,0";"180,0";"0,0";"9,50";"22,7";"";""
"12/06/2021";"1200";"16,4";"70,0";"956,8";"1,0";"140,0";"2,0";"";"";"11,6";"0,0"
"12/06/2021";"1800";"";"";"";"";"";"";"";"";"";""
"13/06/2021";"0000";"16,6";"54,0";"955,9";"1,0";"140,0";"0,0";"9,90";"23,5";"";""
"13/06/2021";"1200";"16,4";"65,0";"957,6";"1,0";"90,0";"0,0";"";"";"11,8";"0,0"
"13/06/2021";"1800";"";"";"";"";"";"";"";"";"";""
"14/06/2021";"0000";"16,6";"73,0";"956,6";"1,0";"90,0";"0,0";"9,80";"25,0";"";""
"14/06/2021";"1200";"16,1";"63,0";"957,1";"2,0";"90,0";"0,0";"";"";"12,4";"0,0"
"14/06/2021";"1800";"24,3";"48,0";"955,1";"1,0";"230,0";"0,0";"";"";"";""
"15/06/2021";"0000";"17,9";"76,0";"956,3";"2,0";"140,0";"0,0";"9,50";"23,8";"";""
"15/06/2021";"1200";"18,0";"77,0";"956,2";"0,0";"0,0";"0,0";"";"";"12,1";"0,0"
"15/06/2021";"1800";"23,7";"50,0";"954,4";"1,0";"270,0";"0,0";"";"";"";""
"16/06/2021";"0000";"17,4";"73,0";"954,7";"1,0";"140,0";"1,0";"9,30";"23,4";"";""
"16/06/2021";"1200";"16,0";"77,0";"955,5";"2,0";"90,0";"5,0";"";"";"11,2";"0,0"
"16/06/2021";"1800";"23,1";"52,0";"953,6";"1,0";"320,0";"5,0";"";"";"";""
"17/06/2021";"0000";"17,4";"78,0";"955,4";"1,0";"140,0";"0,0";"7,80";"23,1";"";""
"17/06/2021";"1200";"16,2";"75,0";"957,4";"1,0";"50,0";"4,0";"";"";"12,2";"0,0"
"17/06/2021";"1800";"23,1";"51,0";"955,6";"1,0";"270,0";"6,0";"";"";"";""
"18/06/2021";"0000";"18,0";"74,0";"956,4";"2,0";"140,0";"8,0";"0,60";"19,0";"";""
"18/06/2021";"1200";"17,2";"73,0";"958,0";"1,0";"140,0";"9,0";"";"";"15,2";"0,0"
"18/06/2021";"1800";"16,6";"90,0";"956,4";"1,0";"90,0";"10,0";"";"";"";""
"19/06/2021";"0000";"16,4";"82,0";"956,8";"1,0";"90,0";"10,0";"0,60";"18,7";"";""
"19/06/2021";"1200";"16,0";"87,0";"956,4";"0,0";"0,0";"10,0";"";"";"15,6";"2,2"
"19/06/2021";"1800";"";"";"";"";"";"";"";"";"";""
"20/06/2021";"0000";"16,2";"98,0";"955,6";"1,0";"230,0";"10,0";"9,10";"19,5";"";""
"20/06/2021";"1200";"13,2";"83,0";"957,0";"3,0";"230,0";"6,0";"";"";"11,5";"0,7"
"20/06/2021";"1800";"";"";"";"";"";"";"";"";"";""
"21/06/2021";"0000";"14,4";"87,0";"955,8";"1,0";"180,0";"4,0";"0,20";"19,6";"";""
"21/06/2021";"1200";"15,3";"84,0";"956,3";"1,0";"90,0";"6,0";"";"";"11,4";"0,0"
"21/06/2021";"1800";"19,2";"73,0";"954,4";"1,0";"50,0";"10,0";"";"";"";""
"22/06/2021";"0000";"16,4";"98,0";"955,5";"1,0";"140,0";"9,0";"5,80";"24,0";"";""
"22/06/2021";"1200";"18,0";"90,0";"957,0";"0,0";"0,0";"9,0";"";"";"15,2";"4,1"
"22/06/2021";"1800";"24,0";"64,0";"955,2";"1,0";"140,0";"9,0";"";"";"";""
"23/06/2021";"0000";"19,8";"85,0";"956,3";"2,0";"90,0";"9,0";"9,20";"23,1";"";""
"23/06/2021";"1200";"17,1";"78,0";"957,9";"3,0";"90,0";"5,0";"";"";"15,4";"0,0"
"23/06/2021";"1800";"23,1";"57,0";"955,4";"4,0";"90,0";"3,0";"";"";"";""
"24/06/2021";"0000";"18,7";"68,0";"955,8";"3,0";"90,0";"4,0";"7,80";"25,4";"";""
"24/06/2021";"1200";"18,0";"70,0";"953,9";"2,0";"90,0";"7,0";"";"";"15,2";"0,0"
"24/06/2021";"1800";"24,8";"53,0";"951,1";"3,0";"320,0";"9,0";"";"";"";""
"25/06/2021";"0000";"21,3";"77,0";"952,0";"1,0";"90,0";"7,0";"5,00";"27,0";"";""
"25/06/2021";"1200";"22,5";"71,0";"953,6";"1,0";"50,0";"6,0";"";"";"18,3";"0,0"
"25/06/2021";"1800";"26,5";"60,0";"952,3";"1,0";"50,0";"10,0";"";"";"";""
"26/06/2021";"0000";"21,9";"76,0";"952,6";"2,0";"90,0";"2,0";"9,50";"28,8";"";""
"26/06/2021";"1200";"22,0";"67,0";"953,2";"2,0";"50,0";"3,0";"";"";"18,0";"0,0"
"26/06/2021";"1800";"";"";"";"";"";"";"";"";"";""
"27/06/2021";"0000";"22,4";"70,0";"951,5";"2,0";"90,0";"1,0";"9,20";"28,3";"";""
"27/06/2021";"1200";"21,5";"57,0";"952,4";"1,0";"50,0";"2,0";"";"";"15,6";"0,0"
"27/06/2021";"1800";"";"";"";"";"";"";"";"";"";""
"28/06/2021";"0000";"15,8";"87,0";"954,2";"4,0";"230,0";"10,0";"0,80";"16,1";"";""
"28/06/2021";"1200";"12,0";"83,0";"957,8";"4,0";"180,0";"10,0";"";"";"6,3";"0,0"
"28/06/2021";"1800";"11,7";"71,0";"958,0";"8,0";"230,0";"10,0";"";"";"";""
"29/06/2021";"0000";"6,6";"94,0";"962,0";"5,0";"230,0";"10,0";"8,40";"11,4";"";""
"29/06/2021";"1200";"5,0";"69,0";"963,2";"4,0";"230,0";"7,0";"";"";"3,2";"8,6"
"29/06/2021";"1800";"11,0";"48,0";"961,5";"3,0";"230,0";"7,0";"";"";"";""
"30/06/2021";"0000";"8,1";"52,0";"962,0";"3,0";"230,0";"1,0";"9,80";"17,7";"";""
"30/06/2021";"1200";"6,2";"65,0";"961,9";"0,0";"0,0";"0,0";"";"";"1,3";"0,0"
"30/06/2021";"1800";"16,4";"43,0";"959,5";"1,0";"230,0";"0,0";"";"";"";""
"01/07/2021";"0000";"11,6";"63,0";"960,4";"1,0";"140,0";"0,0";"9,80";"20,4";"";""
"01/07/2021";"1200";"11,0";"66,0";"961,8";"1,0";"90,0";"2,0";"";"";"6,0";"0,0"
"01/07/2021";"1800";"20,4";"39,0";"959,2";"3,0";"50,0";"2,0";"";"";"";""
"02/07/2021";"0000";"13,6";"68,0";"959,2";"2,0";"140,0";"0,0";"9,90";"26,1";"";""
"02/07/2021";"1200";"15,4";"62,0";"960,0";"1,0";"50,0";"1,0";"";"";"10,4";"0,0"
"02/07/2021";"1800";"25,5";"30,0";"957,9";"2,0";"320,0";"0,0";"";"";"";""
"03/07/2021";"0000";"18,8";"50,0";"959,1";"2,0";"140,0";"0,0";"9,90";"25,8";"";""
"03/07/2021";"1200";"19,2";"60,0";"960,2";"0,0";"0,0";"1,0";"";"";"10,0";"0,0"
"03/07/2021";"1800";"";"";"";"";"";"";"";"";"";""
"04/07/2021";"0000";"18,2";"51,0";"957,9";"0,0";"0,0";"0,0";"9,10";"24,2";"";""
"04/07/2021";"1200";"17,4";"60,0";"959,8";"3,0";"90,0";"7,0";"";"";"11,5";"0,0"
"04/07/2021";"1800";"";"";"";"";"";"";"";"";"";""
"05/07/2021";"0000";"17,8";"71,0";"958,8";"2,0";"90,0";"0,0";"8,60";"25,5";"";""
"05/07/2021";"1200";"17,0";"71,0";"960,8";"1,0";"90,0";"7,0";"";"";"12,3";"0,0"
"05/07/2021";"1800";"";"";"";"";"";"";"";"";"";""
"06/07/2021";"0000";"19,0";"66,0";"959,5";"1,0";"140,0";"1,0";"9,80";"24,5";"";""
"06/07/2021";"1200";"17,4";"70,0";"959,5";"1,0";"90,0";"0,0";"";"";"12,8";"0,0"
"06/07/2021";"1800";"";"";"";"";"";"";"";"";"";""
"07/07/2021";"0000";"17,6";"60,0";"956,6";"2,0";"90,0";"0,0";"9,80";"24,2";"";""
"07/07/2021";"1200";"16,2";"66,0";"958,4";"3,0";"90,0";"0,0";"";"";"13,6";"0,0"
"07/07/2021";"1800";"";"";"";"";"";"";"";"";"";""
"08/07/2021";"0000";"17,0";"62,0";"956,2";"1,0";"90,0";"0,0";"9,80";"24,7";"";""
"08/07/2021";"1200";"17,4";"61,0";"957,4";"1,0";"90,0";"0,0";"";"";"12,1";"0,0"
"08/07/2021";"1800";"";"";"";"";"";"";"";"";"";""
"09/07/2021";"0000";"17,8";"66,0";"956,0";"1,0";"140,0";"0,0";"9,90";"24,3";"";""
"09/07/2021";"1200";"17,2";"64,0";"956,7";"2,0";"90,0";"0,0";"";"";"13,4";"0,0"
"09/07/2021";"1800";"";"";"";"";"";"";"";"";"";""
"10/07/2021";"0000";"17,4";"64,0";"955,2";"1,0";"140,0";"0,0";"9,40";"26,4";"";""
"10/07/2021";"1200";"18,2";"65,0";"956,8";"1,0";"90,0";"0,0";"";"";"14,2";"0,0"
"10/07/2021";"1800";"";"";"";"";"";"";"";"";"";""
"11/07/2021";"0000";"21,5";"49,0";"956,3";"1,0";"180,0";"8,0";"9,90";"25,9";"";""
"11/07/2021";"1200";"20,7";"56,0";"956,8";"1,0";"140,0";"0,0";"";"";"14,1";"0,0"
"11/07/2021";"1800";"";"";"";"";"";"";"";"";"";""
"12/07/2021";"0000";"18,4";"56,0";"954,7";"1,0";"140,0";"0,0";"9,60";"28,3";"";""
"12/07/2021";"1200";"19,8";"53,0";"956,7";"2,0";"140,0";"1,0";"";"";"15,8";"0,0"
"12/07/2021";"1800";"28,3";"27,0";"954,7";"1,0";"50,0";"4,0";"";"";"";""
"13/07/2021";"0000";"20,7";"49,0";"955,6";"2,0";"90,0";"0,0";"8,10";"28,3";"";""
"13/07/2021";"1200";"18,9";"51,0";"957,1";"3,0";"90,0";"5,0";"";"";"17,1";"0,0"
"13/07/2021";"1800";"28,3";"26,0";"955,0";"2,0";"360,0";"4,0";"";"";"";""
"14/07/2021";"0000";"20,8";"53,0";"955,5";"2,0";"90,0";"2,0";"8,80";"29,2";"";""
"14/07/2021";"1200";"20,4";"48,0";"955,9";"2,0";"90,0";"8,0";"";"";"18,4";"0,0"
"14/07/2021";"1800";"29,2";"30,0";"952,2";"2,0";"50,0";"7,0";"";"";"";""
"15/07/2021";"0000";"20,8";"53,0";"952,3";"1,0";"90,0";"0,0";"6,50";"30,5";"";""
"15/07/2021";"1200";"21,8";"47,0";"953,0";"1,0";"50,0";"4,0";"";"";"17,8";"0,0"
"15/07/2021";"1800";"29,9";"31,0";"950,3";"3,0";"320,0";"8,0";"";"";"";""
"16/07/2021";"0000";"23,1";"51,0";"951,6";"5,0";"180,0";"9,0";"0,00";"23,8";"";""
"16/07/2021";"1200";"16,8";"98,0";"952,7";"0,0";"0,0";"10,0";"";"";"15,6";"9,8"
"16/07/2021";"1800";"17,8";"98,0";"952,0";"0,0";"0,0";"10,0";"";"";"";""
"17/07/2021";"0000";"15,8";"96,0";"954,0";"1,0";"140,0";"10,0";"2,70";"20,7";"";""
"17/07/2021";"1200";"15,4";"98,0";"954,7";"0,0";"0,0";"10,0";"";"";"14,4";"42,0"
"17/07/2021";"1800";"";"";"";"";"";"";"";"";"";""
"18/07/2021";"0000";"16,7";"95,0";"956,4";"1,0";"230,0";"2,0";"10,10";"17,1";"";""
"18/07/2021";"1200";"11,3";"84,0";"960,0";"3,0";"190,0";"1,0";"";"";"9,2";"0,0"
"18/07/2021";"1800";"";"";"";"";"";"";"";"";"";""
"19/07/2021";"0000";"9,4";"42,0";"960,6";"4,0";"230,0";"1,0";"8,20";"15,4";"";""
"19/07/2021";"1200";"5,8";"65,0";"961,1";"2,0";"230,0";"4,0";"";"";"3,8";"0,0"
"19/07/2021";"1800";"14,6";"38,0";"959,9";"2,0";"230,0";"8,0";"";"";"";""
"20/07/2021";"0000";"10,8";"56,0";"959,9";"1,0";"180,0";"2,0";"6,60";"20,6";"";""
"20/07/2021";"1200";"10,2";"51,0";"960,0";"2,0";"140,0";"8,0";"";"";"5,6";"0,0"
"20/07/2021";"1800";"";"";"";"";"";"";"";"";"";""
"21/07/2021";"0000";"12,8";"63,0";"959,1";"1,0";"140,0";"4,0";"9,90";"25,4";"";""
"21/07/2021";"1200";"14,2";"54,0";"960,0";"1,0";"140,0";"2,0";"";"";"6,8";"0,0"
"21/07/2021";"1800";"";"";"";"";"";"";"";"";"";""
"22/07/2021";"0000";"17,2";"45,0";"959,8";"2,0";"90,0";"0,0";"10,00";"27,6";"";""
"22/07/2021";"1200";"18,4";"44,0";"961,6";"0,0";"0,0";"0,0";"";"";"14,0";"0,0"
"22/07/2021";"1800";"";"";"";"";"";"";"";"";"";""
"23/07/2021";"0000";"19,4";"36,0";"959,6";"2,0";"90,0";"0,0";"9,90";"27,5";"";""
"23/07/2021";"1200";"18,0";"49,0";"960,4";"2,0";"50,0";"0,0";"";"";"14,8";"0,0"
"23/07/2021";"1800";"";"";"";"";"";"";"";"";"";""
"24/07/2021";"0000";"20,9";"53,0";"956,8";"3,0";"90,0";"0,0";"9,90";"27,9";"";""
"24/07/2021";"1200";"20,8";"46,0";"958,8";"2,0";"50,0";"0,0";"";"";"16,6";"0,0"
"24/07/2021";"1800";"";"";"";"";"";"";"";"";"";""
"25/07/2021";"0000";"21,0";"50,0";"955,0";"3,0";"90,0";"0,0";"9,90";"28,9";"";""
"25/07/2021";"1200";"20,4";"45,0";"955,8";"2,0";"50,0";"0,0";"";"";"17,0";"0,0"
"25/07/2021";"1800";"";"";"";"";"";"";"";"";"";""
"26/07/2021";"0000";"22,7";"53,0";"953,2";"1,0";"50,0";"0,0";"8,00";"30,3";"";""
"26/07/2021";"1200";"21,3";"46,0";"954,8";"1,0";"90,0";"9,0";"";"";"18,4";"0,0"
"26/07/2021";"1800";"";"";"";"";"";"";"";"";"";""
"27/07/2021";"0000";"23,5";"50,0";"950,8";"1,0";"50,0";"0,0";"1,70";"24,0";"";""
"27/07/2021";"1200";"20,4";"59,0";"950,4";"2,0";"320,0";"8,0";"";"";"13,4";"0,0"
"27/07/2021";"1800";"";"";"";"";"";"";"";"";"";""
"28/07/2021";"0000";"13,6";"74,0";"954,6";"7,0";"230,0";"7,0";"6,50";"14,4";"";""
"28/07/2021";"1200";"6,0";"68,0";"958,3";"3,0";"230,0";"10,0";"";"";"4,5";"0,4"
"28/07/2021";"1800";"";"";"";"";"";"";"";"";"";""
"29/07/2021";"0000";"9,2";"45,0";"960,0";"4,0";"230,0";"0,0";"10,00";"13,0";"";""
"29/07/2021";"1200";"4,6";"60,0";"962,8";"1,0";"230,0";"0,0";"";"";"1,9";"0,0"
"29/07/2021";"1800";"";"";"";"";"";"";"";"";"";""
"30/07/2021";"0000";"7,3";"57,0";"960,8";"1,0";"180,0";"0,0";"9,40";"18,9";"";""
"30/07/2021";"1200";"8,6";"51,0";"962,6";"0,0";"0,0";"5,0";"";"";"3,0";"0,0"
"30/07/2021";"1800";"";"";"";"";"";"";"";"";"";""
"31/07/2021";"0000";"12,2";"53,0";"961,1";"1,0";"90,0";"4,0";"4,50";"21,8";"";""
"31/07/2021";"1200";"11,4";"49,0";"961,5";"1,0";"90,0";"9,0";"";"";"7,8";"0,0"
"31/07/2021";"1800";"";"";"";"";"";"";"";"";"";""
"01/08/2021";"0000";"15,8";"59,0";"961,4";"0,0";"0,0";"6,0";"7,40";"24,3";"";""
"01/08/2021";"1200";"12,8";"75,0";"964,0";"3,0";"90,0";"10,0";"";"";"11,1";"1,9"
"01/08/2021";"1800";"";"";"";"";"";"";"";"";"";""
"02/08/2021";"0000";"18,2";"55,0";"962,3";"1,0";"180,0";"0,0";"10,20";"24,9";"";""
"02/08/2021";"1200";"17,6";"60,0";"962,2";"0,0";"0,0";"0,0";"";"";"11,2";"0,0"
"02/08/2021";"1800";"";"";"";"";"";"";"";"";"";""
"03/08/2021";"0000";"18,4";"59,0";"959,4";"1,0";"140,0";"0,0";"10,00";"24,6";"";""
"03/08/2021";"1200";"17,0";"62,0";"959,5";"0,0";"0,0";"0,0";"";"";"10,4";"0,0"
"03/08/2021";"1800";"";"";"";"";"";"";"";"";"";""
"04/08/2021";"0000";"17,4";"50,0";"960,2";"2,0";"140,0";"0,0";"8,70";"22,6";"";""
"04/08/2021";"1200";"13,2";"69,0";"963,9";"2,0";"90,0";"7,0";"";"";"10,2";"0,0"
"04/08/2021";"1800";"";"";"";"";"";"";"";"";"";""
"05/08/2021";"0000";"18,0";"54,0";"961,2";"2,0";"90,0";"7,0";"4,70";"24,6";"";""
"05/08/2021";"1200";"15,2";"69,0";"961,2";"4,0";"90,0";"10,0";"";"";"13,2";"0,0"
"05/08/2021";"1800";"";"";"";"";"";"";"";"";"";""
"06/08/2021";"0000";"19,3";"64,0";"960,7";"3,0";"90,0";"2,0";"8,40";"26,3";"";""
"06/08/2021";"1200";"18,0";"65,0";"961,5";"4,0";"90,0";"3,0";"";"";"13,4";"0,0"
"06/08/2021";"1800";"";"";"";"";"";"";"";"";"";""
"07/08/2021";"0000";"20,4";"60,0";"959,4";"2,0";"90,0";"0,0";"10,00";"27,5";"";""
"07/08/2021";"1200";"20,4";"62,0";"959,2";"4,0";"90,0";"1,0";"";"";"16,8";"0,0"
"07/08/2021";"1800";"";"";"";"";"";"";"";"";"";""
"08/08/2021";"0000";"21,7";"55,0";"955,9";"3,0";"90,0";"0,0";"10,10";"28,4";"";""
"08/08/2021";"1200";"20,5";"60,0";"957,9";"3,0";"50,0";"0,0";"";"";"17,6";"0,0"
"08/08/2021";"1800";"";"";"";"";"";"";"";"";"";""
"09/08/2021";"0000";"22,0";"49,0";"955,0";"0,0";"0,0";"0,0";"10,00";"30,7";"";""
"09/08/2021";"1200";"22,9";"45,0";"957,4";"1,0";"90,0";"6,0";"";"";"18,0";"0,0"
"09/08/2021";"1800";"30,7";"26,0";"954,3";"1,0";"320,0";"2,0";"";"";"";""
"10/08/2021";"0000";"22,5";"76,0";"955,1";"1,0";"50,0";"0,0";"8,60";"32,1";"";""
"10/08/2021";"1200";"21,7";"51,0";"955,6";"0,0";"0,0";"9,0";"";"";"17,3";"0,0"
"10/08/2021";"1800";"32,1";"23,0";"952,8";"4,0";"320,0";"1,0";"";"";"";""
"11/08/2021";"0000";"24,4";"46,0";"953,8";"3,0";"230,0";"0,0";"4,70";"25,8";"";""
"11/08/2021";"1200";"16,6";"84,0";"955,9";"2,0";"180,0";"10,0";"";"";"15,4";"0,0"
"11/08/2021";"1800";"25,6";"53,0";"953,9";"1,0";"230,0";"6,0";"";"";"";""
"12/08/2021";"0000";"21,4";"70,0";"955,1";"1,0";"230,0";"6,0";"6,00";"25,6";"";""
"12/08/2021";"1200";"16,6";"80,0";"957,2";"1,0";"90,0";"10,0";"";"";"15,5";"0,0"
"12/08/2021";"1800";"25,3";"46,0";"954,7";"1,0";"90,0";"6,0";"";"";"";""
"13/08/2021";"0000";"20,2";"64,0";"955,9";"2,0";"90,0";"6,0";"8,10";"27,6";"";""
"13/08/2021";"1200";"16,8";"67,0";"957,2";"2,0";"140,0";"10,0";"";"";"15,4";"0,0"
"13/08/2021";"1800";"27,3";"43,0";"954,7";"1,0";"90,0";"4,0";"";"";"";""
"14/08/2021";"0000";"19,2";"68,0";"956,0";"2,0";"180,0";"8,0";"9,80";"28,7";"";""
"14/08/2021";"1200";"19,6";"58,0";"957,1";"2,0";"90,0";"6,0";"";"";"16,6";"0,0"
"14/08/2021";"1800";"";"";"";"";"";"";"";"";"";""
"15/08/2021";"0000";"22,5";"58,0";"954,4";"1,0";"50,0";"0,0";"5,10";"29,6";"";""
"15/08/2021";"1200";"20,2";"66,0";"954,4";"2,0";"50,0";"6,0";"";"";"17,1";"0,0"
"15/08/2021";"1800";"";"";"";"";"";"";"";"";"";""
"16/08/2021";"0000";"24,0";"54,0";"951,6";"0,0";"0,0";"2,0";"8,70";"32,9";"";""
"16/08/2021";"1200";"23,1";"55,0";"952,0";"1,0";"50,0";"4,0";"";"";"18,8";"0,0"
"16/08/2021";"1800";"31,9";"26,0";"949,1";"2,0";"320,0";"5,0";"";"";"";""
"17/08/2021";"0000";"25,8";"44,0";"950,7";"1,0";"140,0";"0,0";"9,70";"34,0";"";""
"17/08/2021";"1200";"24,1";"46,0";"954,6";"1,0";"50,0";"0,0";"";"";"19,8";"0,0"
"17/08/2021";"1800";"34,0";"28,0";"952,2";"1,0";"320,0";"1,0";"";"";"";""
"18/08/2021";"0000";"26,7";"42,0";"953,8";"2,0";"90,0";"0,0";"9,70";"35,1";"";""
"18/08/2021";"1200";"26,7";"39,0";"955,8";"2,0";"50,0";"0,0";"";"";"23,3";"0,0"
"18/08/2021";"1800";"34,9";"23,0";"952,8";"3,0";"320,0";"2,0";"";"";"";""
"19/08/2021";"0000";"27,2";"37,0";"953,2";"2,0";"90,0";"0,0";"9,40";"34,0";"";""
"19/08/2021";"1200";"26,2";"37,0";"953,8";"1,0";"50,0";"0,0";"";"";"21,4";"0,0"
"19/08/2021";"1800";"34,0";"23,0";"950,2";"2,0";"50,0";"0,0";"";"";"";""
"20/08/2021";"0000";"27,0";"37,0";"950,7";"3,0";"50,0";"0,0";"9,70";"33,3";"";""
"20/08/2021";"1200";"24,9";"38,0";"953,5";"1,0";"50,0";"0,0";"";"";"20,9";"0,0"
"20/08/2021";"1800";"33,3";"23,0";"949,8";"3,0";"50,0";"1,0";"";"";"";""
"21/08/2021";"0000";"25,6";"37,0";"952,3";"1,0";"90,0";"0,0";"9,70";"32,4";"";""
"21/08/2021";"1200";"25,5";"35,0";"954,3";"1,0";"50,0";"0,0";"";"";"20,2";"0,0"
"21/08/2021";"1800";"";"";"";"";"";"";"";"";"";""
"22/08/2021";"0000";"25,5";"34,0";"951,6";"2,0";"90,0";"0,0";"10,20";"32,8";"";""
"22/08/2021";"1200";"24,8";"36,0";"951,1";"2,0";"50,0";"0,0";"";"";"20,0";"0,0"
"22/08/2021";"1800";"";"";"";"";"";"";"";"";"";""
"23/08/2021";"0000";"25,7";"35,0";"948,8";"0,0";"0,0";"0,0";"6,90";"33,8";"";""
"23/08/2021";"1200";"26,4";"35,0";"950,0";"0,0";"0,0";"7,0";"";"";"20,6";"0,0"
"23/08/2021";"1800";"33,7";"24,0";"945,8";"2,0";"320,0";"10,0";"";"";"";""
"24/08/2021";"0000";"26,9";"37,0";"946,8";"1,0";"90,0";"2,0";"4,90";"34,3";"";""
"24/08/2021";"1200";"26,1";"37,0";"948,7";"1,0";"50,0";"6,0";"";"";"23,0";"0,0"
"24/08/2021";"1800";"34,3";"27,0";"945,5";"2,0";"320,0";"8,0";"";"";"";""
"25/08/2021";"0000";"27,5";"39,0";"946,2";"1,0";"50,0";"3,0";"7,30";"35,5";"";""
"25/08/2021";"1200";"26,5";"39,0";"946,4";"2,0";"50,0";"2,0";"";"";"22,6";"0,0"
"25/08/2021";"1800";"35,0";"21,0";"943,8";"6,0";"320,0";"9,0";"";"";"";""
"26/08/2021";"0000";"30,0";"33,0";"946,2";"2,0";"230,0";"9,0";"2,70";"30,3";"";""
"26/08/2021";"1200";"19,1";"63,0";"950,6";"3,0";"230,0";"5,0";"";"";"13,7";"0,0"
"26/08/2021";"1800";"18,2";"76,0";"951,1";"2,0";"230,0";"10,0";"";"";"";""
"27/08/2021";"0000";"16,0";"83,0";"953,5";"2,0";"230,0";"9,0";"0,00";"16,4";"";""
"27/08/2021";"1200";"14,7";"97,0";"954,4";"1,0";"140,0";"10,0";"";"";"13,9";"1,5"
"27/08/2021";"1800";"16,4";"92,0";"954,8";"1,0";"90,0";"10,0";"";"";"";""
"28/08/2021";"0000";"14,8";"97,0";"956,3";"1,0";"230,0";"10,0";"0,40";"20,9";"";""
"28/08/2021";"1200";"17,2";"90,0";"956,4";"2,0";"90,0";"10,0";"";"";"14,4";"18,8"
"28/08/2021";"1800";"";"";"";"";"";"";"";"";"";""
"29/08/2021";"0000";"17,5";"91,0";"959,0";"1,0";"140,0";"10,0";"8,20";"25,9";"";""
"29/08/2021";"1200";"18,8";"77,0";"959,8";"2,0";"90,0";"9,0";"";"";"16,0";"6,2"
"29/08/2021";"1800";"";"";"";"";"";"";"";"";"";""
"30/08/2021";"0000";"20,4";"73,0";"957,4";"3,0";"90,0";"1,0";"10,10";"27,8";"";""
"30/08/2021";"1200";"19,2";"66,0";"958,3";"3,0";"90,0";"0,0";"";"";"15,2";"0,0"
"30/08/2021";"1800";"27,8";"43,0";"954,4";"2,0";"50,0";"5,0";"";"";"";""
"31/08/2021";"0000";"22,2";"58,0";"955,8";"4,0";"90,0";"0,0";"10,80";"28,6";"";""
"31/08/2021";"1200";"20,4";"57,0";"957,8";"4,0";"90,0";"0,0";"";"";"16,4";"0,0"
"31/08/2021";"1800";"28,5";"38,0";"955,4";"4,0";"50,0";"2,0";"";"";"";""
"01/09/2021";"0000";"22,4";"51,0";"956,2";"3,0";"90,0";"0,0";"10,70";"29,2";"";""
"01/09/2021";"1200";"21,3";"58,0";"958,2";"4,0";"90,0";"0,0";"";"";"16,8";"0,0"
"01/09/2021";"1800";"28,9";"29,0";"953,9";"3,0";"50,0";"0,0";"";"";"";""
"02/09/2021";"0000";"22,4";"54,0";"954,0";"2,0";"140,0";"0,0";"10,20";"30,8";"";""
"02/09/2021";"1200";"22,4";"55,0";"955,2";"3,0";"90,0";"8,0";"";"";"18,7";"0,0"
"02/09/2021";"1800";"30,7";"28,0";"951,8";"2,0";"50,0";"1,0";"";"";"";""
"03/09/2021";"0000";"24,1";"42,0";"952,4";"2,0";"90,0";"0,0";"10,10";"33,8";"";""
"03/09/2021";"1200";"24,7";"41,0";"952,8";"1,0";"50,0";"0,0";"";"";"19,0";"0,0"
"03/09/2021";"1800";"33,3";"25,0";"949,8";"1,0";"270,0";"0,0";"";"";"";""
"04/09/2021";"0000";"25,2";"44,0";"950,8";"1,0";"50,0";"0,0";"8,90";"34,4";"";""
"04/09/2021";"1200";"26,7";"95,0";"951,5";"1,0";"90,0";"2,0";"";"";"21,2";"0,0"
"04/09/2021";"1800";"";"";"";"";"";"";"";"";"";""
"05/09/2021";"0000";"27,1";"42,0";"949,0";"1,0";"140,0";"2,0";"9,70";"33,9";"";""
"05/09/2021";"1200";"25,7";"56,0";"951,6";"1,0";"90,0";"3,0";"";"";"21,3";"0,0"
"05/09/2021";"1800";"";"";"";"";"";"";"";"";"";""
"06/09/2021";"0000";"27,0";"55,0";"949,9";"1,0";"270,0";"3,0";"10,20";"35,7";"";""
"06/09/2021";"1200";"26,9";"50,0";"952,2";"0,0";"0,0";"0,0";"";"";"20,0";"0,0"
"06/09/2021";"1800";"35,7";"29,0";"948,6";"1,0";"320,0";"6,0";"";"";"";""
"07/09/2021";"0000";"28,7";"41,0";"949,2";"1,0";"90,0";"0,0";"10,10";"34,1";"";""
"07/09/2021";"1200";"23,8";"51,0";"950,6";"2,0";"90,0";"1,0";"";"";"20,5";"0,0"
"07/09/2021";"1800";"34,1";"31,0";"946,8";"3,0";"50,0";"0,0";"";"";"";""
"08/09/2021";"0000";"29,2";"40,0";"947,1";"3,0";"90,0";"5,0";"7,30";"34,9";"";""
"08/09/2021";"1200";"25,2";"56,0";"948,3";"2,0";"50,0";"7,0";"";"";"21,4";"0,0"
"08/09/2021";"1800";"34,4";"34,0";"945,6";"6,0";"320,0";"9,0";"";"";"";""
"09/09/2021";"0000";"25,7";"66,0";"949,5";"3,0";"180,0";"4,0";"0,00";"26,1";"";""
"09/09/2021";"1200";"18,0";"96,0";"953,1";"1,0";"230,0";"10,0";"";"";"15,8";"13,2"
"09/09/2021";"1800";"18,8";"92,0";"952,2";"2,0";"320,0";"10,0";"";"";"";""
"10/09/2021";"0000";"17,8";"63,0";"953,2";"3,0";"230,0";"2,0";"6,50";"24,6";"";""
"10/09/2021";"1200";"15,2";"69,0";"956,0";"1,0";"180,0";"7,0";"";"";"13,9";"9,8"
"10/09/2021";"1800";"23,7";"39,0";"955,2";"1,0";"270,0";"7,0";"";"";"";""
"11/09/2021";"0000";"16,6";"84,0";"955,1";"1,0";"320,0";"9,0";"4,70";"25,0";"";""
"11/09/2021";"1200";"15,4";"96,0";"956,8";"0,0";"0,0";"10,0";"";"";"14,7";"3,2"
"11/09/2021";"1800";"";"";"";"";"";"";"";"";"";""
"12/09/2021";"0000";"20,8";"75,0";"953,9";"1,0";"90,0";"0,0";"8,90";"33,4";"";""
"12/09/2021";"1200";"25,9";"55,0";"954,3";"3,0";"50,0";"2,0";"";"";"14,8";"0,0"
"12/09/2021";"1800";"";"";"";"";"";"";"";"";"";""
"13/09/2021";"0000";"27,7";"52,0";"951,0";"2,0";"90,0";"5,0";"6,60";"35,5";"";""
"13/09/2021";"1200";"28,2";"46,0";"950,7";"1,0";"50,0";"10,0";"";"";"23,3";"0,0"
"13/09/2021";"1800";"35,5";"23,0";"945,9";"3,0";"320,0";"6,0";"";"";"";""
"14/09/2021";"0000";"28,4";"55,0";"947,0";"0,0";"0,0";"5,0";"3,10";"33,9";"";""
"14/09/2021";"1200";"25,9";"63,0";"949,0";"1,0";"360,0";"9,0";"";"";"20,4";"0,0"
"14/09/2021";"1800";"25,4";"79,0";"945,8";"3,0";"140,0";"9,0";"";"";"";""
"15/09/2021";"0000";"21,0";"93,0";"953,0";"3,0";"360,0";"10,0";"7,20";"30,5";"";""
"15/09/2021";"1200";"23,3";"80,0";"953,2";"1,0";"140,0";"9,0";"";"";"19,5";"29,1"
"15/09/2021";"1800";"30,5";"56,0";"952,3";"1,0";"320,0";"7,0";"";"";"";""
"16/09/2021";"0000";"25,4";"74,0";"954,4";"3,0";"50,0";"8,0";"8,10";"30,5";"";""
"16/09/2021";"1200";"23,5";"65,0";"957,8";"2,0";"90,0";"6,0";"";"";"19,0";"0,0"
"16/09/2021";"1800";"30,0";"49,0";"955,0";"1,0";"50,0";"9,0";"";"";"";""
"17/09/2021";"0000";"23,4";"72,0";"956,4";"4,0";"90,0";"6,0";"7,50";"30,4";"";""
"17/09/2021";"1200";"21,6";"64,0";"955,8";"3,0";"90,0";"9,0";"";"";"19,0";"0,0"
"17/09/2021";"1800";"30,3";"42,0";"951,6";"3,0";"360,0";"6,0";"";"";"";""
"18/09/2021";"0000";"25,6";"60,0";"952,0";"2,0";"90,0";"0,0";"9,80";"34,5";"";""
"18/09/2021";"1200";"24,5";"65,0";"952,0";"2,0";"50,0";"2,0";"";"";"20,2";"0,0"
"18/09/2021";"1800";"";"";"";"";"";"";"";"";"";""
"19/09/2021";"0000";"28,4";"50,0";"949,4";"2,0";"90,0";"2,0";"3,90";"35,1";"";""
"19/09/2021";"1200";"27,0";"51,0";"951,4";"1,0";"50,0";"7,0";"";"";"24,0";"0,0"
"19/09/2021";"1800";"";"";"";"";"";"";"";"";"";""
"20/09/2021";"0000";"29,8";"46,0";"949,1";"1,0";"90,0";"0,0";"10,00";"37,5";"";""
"20/09/2021";"1200";"29,2";"45,0";"951,2";"3,0";"90,0";"0,0";"";"";"26,2";"0,0"
"20/09/2021";"1800";"37,5";"27,0";"948,0";"2,0";"320,0";"1,0";"";"";"";""
"21/09/2021";"0000";"29,9";"39,0";"949,6";"0,0";"0,0";"0,0";"6,10";"38,1";"";""
"21/09/2021";"1200";"29,7";"46,0";"950,3";"1,0";"90,0";"7,0";"";"";"24,3";"0,0"
"21/09/2021";"1800";"36,7";"26,0";"947,4";"3,0";"320,0";"8,0";"";"";"";""
"22/09/2021";"0000";"28,0";"47,0";"950,7";"4,0";"180,0";"6,0";"7,80";"28,5";"";""
"22/09/2021";"1200";"20,4";"71,0";"954,3";"3,0";"90,0";"10,0";"";"";"18,1";"0,0"
"22/09/2021";"1800";"26,5";"35,0";"951,5";"2,0";"90,0";"2,0";"";"";"";""
"23/09/2021";"0000";"21,0";"50,0";"953,4";"4,0";"90,0";"0,0";"9,10";"28,8";"";""
"23/09/2021";"1200";"18,6";"52,0";"955,6";"2,0";"140,0";"3,0";"";"";"14,0";"0,0"
"23/09/2021";"1800";"28,5";"38,0";"952,8";"1,0";"180,0";"5,0";"";"";"";""
"24/09/2021";"0000";"23,2";"50,0";"953,2";"1,0";"90,0";"0,0";"8,30";"30,1";"";""
"24/09/2021";"1200";"21,3";"57,0";"955,4";"1,0";"140,0";"7,0";"";"";"15,4";"0,0"
"24/09/2021";"1800";"29,9";"33,0";"951,8";"1,0";"180,0";"7,0";"";"";"";""
"25/09/2021";"0000";"24,7";"57,0";"952,7";"0,0";"0,0";"2,0";"9,30";"31,4";"";""
"25/09/2021";"1200";"24,3";"57,0";"954,2";"1,0";"50,0";"4,0";"";"";"20,2";"0,0"
"25/09/2021";"1800";"";"";"";"";"";"";"";"";"";""
"26/09/2021";"0000";"25,4";"59,0";"951,0";"0,0";"0,0";"2,0";"5,50";"32,9";"";""
"26/09/2021";"1200";"24,1";"58,0";"954,0";"4,0";"50,0";"4,0";"";"";"21,4";"0,0"
"26/09/2021";"1800";"";"";"";"";"";"";"";"";"";""
"27/09/2021";"0000";"24,7";"69,0";"953,0";"2,0";"50,0";"0,0";"10,70";"34,1";"";""
"27/09/2021";"1200";"25,3";"58,0";"955,9";"1,0";"50,0";"0,0";"";"";"20,0";"0,0"
"27/09/2021";"1800";"34,1";"29,0";"952,0";"2,0";"360,0";"2,0";"";"";"";""
"28/09/2021";"0000";"26,7";"53,0";"952,2";"0,0";"0,0";"1,0";"9,50";"35,2";"";""
"28/09/2021";"1200";"28,4";"42,0";"953,0";"2,0";"90,0";"1,0";"";"";"23,5";"0,0"
"28/09/2021";"1800";"34,4";"29,0";"948,8";"2,0";"320,0";"7,0";"";"";"";""
"29/09/2021";"0000";"27,9";"48,0";"948,6";"0,0";"0,0";"0,0";"3,50";"32,5";"";""
"29/09/2021";"1200";"26,8";"51,0";"950,3";"0,0";"0,0";"6,0";"";"";"21,8";"0,0"
"29/09/2021";"1800";"22,9";"81,0";"949,2";"8,0";"230,0";"10,0";"";"";"";""
"30/09/2021";"0000";"24,7";"62,0";"949,1";"3,0";"140,0";"6,0";"9,20";"33,0";"";""
"30/09/2021";"1200";"22,3";"67,0";"951,9";"3,0";"90,0";"0,0";"";"";"19,8";"0,1"
"30/09/2021";"1800";"33,0";"34,0";"947,4";"2,0";"50,0";"7,0";"";"";"";""
"01/10/2021";"0000";"27,3";"48,0";"946,8";"4,0";"90,0";"0,0";"0,50";"27,9";"";""
"01/10/2021";"1200";"25,4";"57,0";"947,9";"1,0";"50,0";"10,0";"";"";"17,3";"0,0"
"01/10/2021";"1800";"19,1";"93,0";"949,8";"3,0";"140,0";"10,0";"";"";"";""
"02/10/2021";"0000";"18,4";"84,0";"950,8";"1,0";"320,0";"4,0";"0,20";"20,4";"";""
"02/10/2021";"1200";"17,6";"98,0";"953,5";"2,0";"140,0";"10,0";"";"";"16,8";"38,2"
"02/10/2021";"1800";"";"";"";"";"";"";"";"";"";""
"03/10/2021";"0000";"18,6";"98,0";"948,3";"2,0";"140,0";"10,0";"0,60";"22,0";"";""
"03/10/2021";"1200";"18,6";"100,0";"949,2";"2,0";"230,0";"10,0";"";"";"16,9";"59,0"
"03/10/2021";"1800";"";"";"";"";"";"";"";"";"";""
"04/10/2021";"0000";"18,8";"90,0";"947,1";"2,0";"140,0";"10,0";"0,00";"21,7";"";""
"04/10/2021";"1200";"19,4";"93,0";"950,0";"1,0";"50,0";"10,0";"";"";"17,4";"54,2"
"04/10/2021";"1800";"";"";"";"";"";"";"";"";"";""
"05/10/2021";"0000";"20,0";"98,0";"950,7";"0,0";"0,0";"0,0";"5,50";"27,8";"";""
"05/10/2021";"1200";"20,2";"84,0";"953,4";"1,0";"90,0";"10,0";"";"";"18,6";"0,2"
"05/10/2021";"1800";"";"";"";"";"";"";"";"";"";""
"06/10/2021";"0000";"23,1";"82,0";"951,4";"2,0";"90,0";"0,0";"9,80";"32,3";"";""
"06/10/2021";"1200";"23,4";"68,0";"953,4";"1,0";"50,0";"3,0";"";"";"18,5";"0,0"
"06/10/2021";"1800";"";"";"";"";"";"";"";"";"";""
"07/10/2021";"0000";"27,2";"72,0";"949,6";"1,0";"360,0";"7,0";"0,00";"27,9";"";""
"07/10/2021";"1200";"20,0";"98,0";"952,0";"10,0";"320,0";"10,0";"";"";"18,4";"58,0"
"07/10/2021";"1800";"";"";"";"";"";"";"";"";"";""
"08/10/2021";"0000";"22,3";"89,0";"951,4";"1,0";"140,0";"4,0";"9,30";"28,1";"";""
"08/10/2021";"1200";"21,2";"74,0";"952,6";"2,0";"50,0";"2,0";"";"";"17,7";"0,0"
"08/10/2021";"1800";"";"";"";"";"";"";"";"";"";""
"09/10/2021";"0000";"24,1";"66,0";"949,8";"2,0";"90,0";"8,0";"0,70";"24,3";"";""
"09/10/2021";"1200";"20,8";"73,0";"950,8";"1,0";"140,0";"10,0";"";"";"17,0";"0,0"
"09/10/2021";"1800";"";"";"";"";"";"";"";"";"";""
"10/10/2021";"0000";"18,1";"98,0";"949,6";"2,0";"90,0";"10,0";"0,00";"21,9";"";""
"10/10/2021";"1200";"18,9";"82,0";"951,5";"3,0";"90,0";"10,0";"";"";"16,9";"24,3"
"10/10/2021";"1800";"";"";"";"";"";"";"";"";"";""
"11/10/2021";"0000";"19,0";"82,0";"950,3";"2,0";"90,0";"10,0";"5,00";"28,6";"";""
"11/10/2021";"1200";"19,2";"77,0";"953,6";"2,0";"90,0";"10,0";"";"";"17,4";"0,0"
"11/10/2021";"1800";"26,9";"57,0";"950,3";"1,0";"50,0";"9,0";"";"";"";""
"12/10/2021";"0000";"23,5";"70,0";"951,2";"2,0";"90,0";"9,0";"11,60";"31,2";"";""
"12/10/2021";"1200";"24,0";"67,0";"952,8";"1,0";"90,0";"7,0";"";"";"17,1";"0,0"
"12/10/2021";"1800";"30,2";"36,0";"948,8";"1,0";"140,0";"0,0";"";"";"";""
"13/10/2021";"0000";"24,3";"50,0";"949,1";"1,0";"90,0";"3,0";"11,60";"32,2";"";""
"13/10/2021";"1200";"24,6";"62,0";"950,4";"2,0";"90,0";"0,0";"";"";"19,8";"0,0"
"13/10/2021";"1800";"32,0";"33,0";"945,9";"2,0";"50,0";"0,0";"";"";"";""
"14/10/2021";"0000";"26,1";"44,0";"945,8";"2,0";"90,0";"0,0";"3,10";"26,8";"";""
"14/10/2021";"1200";"17,8";"96,0";"953,1";"1,0";"180,0";"10,0";"";"";"17,4";"19,1"
"14/10/2021";"1800";"24,5";"67,0";"945,0";"1,0";"360,0";"9,0";"";"";"";""
"15/10/2021";"0000";"22,5";"77,0";"947,0";"3,0";"50,0";"0,0";"0,00";"23,4";"";""
"15/10/2021";"1200";"20,0";"96,0";"946,4";"2,0";"50,0";"10,0";"";"";"17,6";"28,1"
"15/10/2021";"1800";"21,8";"98,0";"944,7";"2,0";"140,0";"10,0";"";"";"";""
"16/10/2021";"0000";"20,0";"81,0";"948,3";"1,0";"50,0";"9,0";"6,00";"26,0";"";""
"16/10/2021";"1200";"19,6";"95,0";"953,6";"1,0";"320,0";"10,0";"";"";"17,4";"11,6"
"16/10/2021";"1800";"";"";"";"";"";"";"";"";"";""
"17/10/2021";"0000";"21,4";"88,0";"952,2";"0,0";"0,0";"1,0";"1,60";"24,8";"";""
"17/10/2021";"1200";"19,4";"96,0";"954,0";"2,0";"50,0";"10,0";"";"";"18,8";"0,2"
"17/10/2021";"1800";"";"";"";"";"";"";"";"";"";""
"18/10/2021";"0000";"21,2";"82,0";"951,1";"1,0";"50,0";"9,0";"2,60";"24,3";"";""
"18/10/2021";"1200";"19,6";"83,0";"953,5";"1,0";"90,0";"10,0";"";"";"18,9";"0,4"
"18/10/2021";"1800";"23,2";"75,0";"950,7";"1,0";"50,0";"7,0";"";"";"";""
"19/10/2021";"0000";"22,1";"83,0";"952,3";"1,0";"140,0";"9,0";"3,00";"22,1";"";""
"19/10/2021";"1200";"19,1";"76,0";"954,8";"1,0";"90,0";"10,0";"";"";"17,7";"1,4"
"19/10/2021";"1800";"21,3";"80,0";"953,0";"1,0";"140,0";"9,0";"";"";"";""
"20/10/2021";"0000";"18,4";"86,0";"954,3";"2,0";"90,0";"9,0";"11,50";"26,6";"";""
"20/10/2021";"1200";"18,5";"62,0";"955,9";"2,0";"140,0";"0,0";"";"";"13,2";"10,8"
"20/10/2021";"1800";"25,4";"49,0";"951,8";"1,0";"90,0";"5,0";"";"";"";""
"21/10/2021";"0000";"22,3";"51,0";"952,0";"2,0";"140,0";"7,0";"11,20";"27,9";"";""
"21/10/2021";"1200";"20,9";"58,0";"954,3";"2,0";"90,0";"0,0";"";"";"14,8";"0,0"
"21/10/2021";"1800";"27,9";"38,0";"950,4";"1,0";"50,0";"5,0";"";"";"";""
"22/10/2021";"0000";"21,8";"50,0";"950,2";"2,0";"140,0";"0,0";"11,90";"30,5";"";""
"22/10/2021";"1200";"22,6";"50,0";"952,2";"3,0";"50,0";"0,0";"";"";"17,1";"0,0"
"22/10/2021";"1800";"30,2";"59,0";"947,8";"1,0";"50,0";"0,0";"";"";"";""
"23/10/2021";"0000";"23,8";"46,0";"947,5";"2,0";"90,0";"0,0";"6,00";"32,1";"";""
"23/10/2021";"1200";"23,7";"45,0";"946,4";"2,0";"90,0";"8,0";"";"";"16,0";"0,0"
"23/10/2021";"1800";"";"";"";"";"";"";"";"";"";""
"24/10/2021";"0000";"17,8";"100,0";"943,6";"12,0";"230,0";"10,0";"2,50";"25,1";"";""
"24/10/2021";"1200";"19,0";"93,0";"949,1";"2,0";"360,0";"10,0";"";"";"16,4";"99,2"
"24/10/2021";"1800";"";"";"";"";"";"";"";"";"";""
"25/10/2021";"0000";"21,4";"69,0";"952,3";"3,0";"230,0";"5,0";"11,50";"27,7";"";""
"25/10/2021";"1200";"20,6";"63,0";"956,0";"2,0";"140,0";"2,0";"";"";"16,8";"0,0"
"25/10/2021";"1800";"27,5";"54,0";"953,5";"2,0";"50,0";"6,0";"";"";"";""
"26/10/2021";"0000";"22,4";"73,0";"954,2";"1,0";"230,0";"2,0";"8,10";"30,3";"";""
"26/10/2021";"1200";"24,2";"66,0";"956,4";"2,0";"50,0";"2,0";"";"";"17,5";"0,0"
"26/10/2021";"1800";"30,3";"38,0";"953,6";"1,0";"50,0";"8,0";"";"";"";""
"27/10/2021";"0000";"24,7";"52,0";"954,1";"2,0";"140,0";"2,0";"10,00";"32,9";"";""
"27/10/2021";"1200";"25,3";"58,0";"956,3";"2,0";"90,0";"7,0";"";"";"20,2";"0,0"
"27/10/2021";"1800";"32,0";"48,0";"953,4";"1,0";"50,0";"6,0";"";"";"";""
"28/10/2021";"0000";"27,1";"63,0";"955,4";"3,0";"50,0";"6,0";"10,40";"32,7";"";""
"28/10/2021";"1200";"26,5";"64,0";"957,2";"3,0";"50,0";"1,0";"";"";"21,1";"0,0"
"28/10/2021";"1800";"32,7";"47,0";"953,9";"1,0";"140,0";"6,0";"";"";"";""
"29/10/2021";"0000";"27,7";"58,0";"954,6";"3,0";"90,0";"7,0";"9,90";"32,9";"";""
"29/10/2021";"1200";"26,5";"61,0";"955,5";"2,0";"50,0";"1,0";"";"";"20,4";"0,0"
"29/10/2021";"1800";"31,7";"44,0";"951,0";"1,0";"90,0";"6,0";"";"";"";""
"30/10/2021";"0000";"23,1";"84,0";"951,6";"1,0";"90,0";"4,0";"8,10";"31,7";"";""
"30/10/2021";"1200";"25,0";"60,0";"952,7";"1,0";"90,0";"6,0";"";"";"19,4";"8,6"
"30/10/2021";"1800";"";"";"";"";"";"";"";"";"";""
"31/10/2021";"0000";"23,8";"58,0";"950,4";"4,0";"180,0";"6,0";"4,90";"25,9";"";""
"31/10/2021";"1200";"20,8";"83,0";"952,7";"2,0";"50,0";"7,0";"";"";"18,7";"19,5"
"31/10/2021";"1800";"";"";"";"";"";"";"";"";"";""
"01/11/2021";"0000";"21,7";"81,0";"951,1";"0,7";"140,0";"0,0";"8,40";"28,9";"";""
"01/11/2021";"1200";"24,1";"67,0";"951,6";"1,0";"140,0";"0,0";"";"";"17,8";"0,2"
"01/11/2021";"1800";"28,1";"49,0";"949,1";"1,0";"230,0";"8,0";"";"";"";""
"02/11/2021";"0000";"23,3";"67,0";"949,9";"1,0";"140,0";"0,0";"9,90";"30,4";"";""
"02/11/2021";"1200";"24,4";"62,0";"952,2";"2,0";"90,0";"1,0";"";"";"18,5";"0,0"
"02/11/2021";"1800";"";"";"";"";"";"";"";"";"";""
"03/11/2021";"0000";"24,9";"69,0";"949,4";"1,0";"90,0";"0,0";"11,30";"31,9";"";""
"03/11/2021";"1200";"24,5";"65,0";"951,4";"2,0";"90,0";"3,0";"";"";"19,8";"0,0"
"03/11/2021";"1800";"31,9";"37,0";"946,7";"1,0";"320,0";"6,0";"";"";"";""
"04/11/2021";"0000";"25,3";"56,0";"946,8";"0,0";"0,0";"0,0";"11,30";"34,0";"";""
"04/11/2021";"1200";"27,0";"55,0";"949,1";"2,0";"50,0";"2,0";"";"";"20,2";"0,0"
"04/11/2021";"1800";"";"";"";"";"";"";"";"";"";""
"05/11/2021";"0000";"28,3";"55,0";"947,1";"0,0";"0,0";"2,0";"8,40";"34,8";"";""
"05/11/2021";"1200";"30,0";"46,0";"948,8";"1,0";"50,0";"7,0";"";"";"24,1";"0,0"
"05/11/2021";"1800";"";"";"";"";"";"";"";"";"";""
"06/11/2021";"0000";"28,5";"55,0";"948,6";"2,0";"230,0";"2,0";"6,00";"31,0";"";""
"06/11/2021";"1200";"25,7";"67,0";"950,4";"1,0";"90,0";"8,0";"";"";"23,3";"0,0"
"06/11/2021";"1800";"";"";"";"";"";"";"";"";"";""
"07/11/2021";"0000";"27,8";"56,0";"948,3";"1,0";"230,0";"4,0";"9,60";"32,5";"";""
"07/11/2021";"1200";"27,5";"66,0";"950,4";"2,0";"50,0";"2,0";"";"";"21,2";"0,0"
"07/11/2021";"1800";"";"";"";"";"";"";"";"";"";""
"08/11/2021";"0000";"25,5";"73,0";"948,7";"1,0";"90,0";"2,0";"9,40";"30,5";"";""
"08/11/2021";"1200";"25,5";"65,0";"950,6";"1,0";"50,0";"5,0";"";"";"20,6";"0,0"
"08/11/2021";"1800";"";"";"";"";"";"";"";"";"";""
"09/11/2021";"0000";"23,4";"67,0";"949,2";"2,0";"180,0";"4,0";"11,70";"31,9";"";""
"09/11/2021";"1200";"24,0";"64,0";"952,0";"3,0";"140,0";"4,0";"";"";"19,1";"0,0"
"09/11/2021";"1800";"31,3";"43,0";"948,7";"2,0";"180,0";"2,0";"";"";"";""
"10/11/2021";"0000";"26,5";"51,0";"948,6";"2,0";"180,0";"0,0";"6,20";"30,2";"";""
"10/11/2021";"1200";"24,9";"55,0";"951,8";"3,0";"90,0";"4,0";"";"";"19,4";"0,0"
"10/11/2021";"1800";"";"";"";"";"";"";"";"";"";""
"11/11/2021";"0000";"23,1";"76,0";"951,0";"3,0";"180,0";"8,0";"0,50";"25,9";"";""
"11/11/2021";"1200";"20,4";"77,0";"953,4";"4,0";"90,0";"10,0";"";"";"19,2";"6,7"
"11/11/2021";"1800";"";"";"";"";"";"";"";"";"";""
"12/11/2021";"0000";"21,7";"75,0";"952,8";"2,0";"90,0";"0,0";"11,90";"30,0";"";""
"12/11/2021";"1200";"22,3";"60,0";"955,2";"3,0";"90,0";"7,0";"";"";"16,6";"0,0"
"12/11/2021";"1800";"";"";"";"";"";"";"";"";"";""
"13/11/2021";"0000";"24,7";"55,0";"952,4";"2,0";"90,0";"1,0";"9,70";"26,5";"";""
"13/11/2021";"1200";"21,2";"51,0";"954,8";"3,0";"90,0";"4,0";"";"";"15,3";"0,0"
"13/11/2021";"1800";"";"";"";"";"";"";"";"";"";""
"14/11/2021";"0000";"21,9";"52,0";"950,0";"2,0";"90,0";"4,0";"8,80";"30,5";"";""
"14/11/2021";"1200";"23,3";"48,0";"952,2";"3,0";"90,0";"5,0";"";"";"16,4";"0,0"
"14/11/2021";"1800";"";"";"";"";"";"";"";"";"";""
"15/11/2021";"0000";"25,7";"54,0";"948,8";"1,0";"90,0";"7,0";"10,30";"32,0";"";""
"15/11/2021";"1200";"25,1";"53,0";"951,6";"5,0";"50,0";"7,0";"";"";"19,4";"0,0"
"15/11/2021";"1800";"";"";"";"";"";"";"";"";"";""
"16/11/2021";"0000";"27,1";"46,0";"949,8";"1,0";"90,0";"5,0";"10,20";"32,8";"";""
"16/11/2021";"1200";"27,3";"48,0";"952,0";"4,0";"90,0";"4,0";"";"";"22,4";"0,0"
"16/11/2021";"1800";"";"";"";"";"";"";"";"";"";""
"17/11/2021";"0000";"27,9";"48,0";"948,7";"1,0";"90,0";"10,0";"4,40";"32,5";"";""
"17/11/2021";"1200";"25,9";"59,0";"949,4";"3,0";"90,0";"7,0";"";"";"21,5";"0,0"
"17/11/2021";"1800";"";"";"";"";"";"";"";"";"";""
"18/11/2021";"0000";"23,5";"82,0";"947,0";"2,0";"140,0";"7,0";"5,20";"29,8";"";""
"18/11/2021";"1200";"23,9";"87,0";"948,2";"1,0";"50,0";"8,0";"";"";"20,0";"12,7"
"18/11/2021";"1800";"";"";"";"";"";"";"";"";"";""
"19/11/2021";"0000";"21,8";"95,0";"946,8";"3,0";"140,0";"9,0";"11,20";"30,3";"";""
"19/11/2021";"1200";"23,5";"77,0";"949,4";"2,0";"140,0";"2,0";"";"";"19,8";"1,9"
"19/11/2021";"1800";"";"";"";"";"";"";"";"";"";""
"20/11/2021";"0000";"26,1";"67,0";"948,8";"0,0";"0,0";"1,0";"11,00";"31,4";"";""
"20/11/2021";"1200";"24,5";"64,0";"951,8";"2,0";"90,0";"1,0";"";"";"19,8";"0,0"
"20/11/2021";"1800";"";"";"";"";"";"";"";"";"";""
"21/11/2021";"0000";"26,1";"56,0";"950,2";"1,0";"140,0";"0,0";"12,00";"31,0";"";""
"21/11/2021";"1200";"23,7";"58,0";"953,5";"3,0";"90,0";"1,0";"";"";"17,6";"0,0"
"21/11/2021";"1800";"";"";"";"";"";"";"";"";"";""
"22/11/2021";"0000";"25,5";"58,0";"949,1";"1,0";"180,0";"0,0";"12,00";"33,9";"";""
"22/11/2021";"1200";"26,3";"36,0";"950,6";"3,0";"90,0";"0,0";"";"";"19,2";"0,0"
"22/11/2021";"1800";"";"";"";"";"";"";"";"";"";""
"23/11/2021";"0000";"26,3";"38,0";"948,4";"1,0";"90,0";"0,0";"7,00";"34,0";"";""
"23/11/2021";"1200";"30,5";"31,0";"951,4";"1,0";"90,0";"1,0";"";"";"20,8";"0,0"
"23/11/2021";"1800";"";"";"";"";"";"";"";"";"";""
"24/11/2021";"0000";"27,3";"45,0";"949,8";"1,0";"140,0";"4,0";"8,30";"34,9";"";""
"24/11/2021";"1200";"26,7";"48,0";"951,1";"3,0";"90,0";"7,0";"";"";"22,0";"0,0"
"24/11/2021";"1800";"";"";"";"";"";"";"";"";"";""
"25/11/2021";"0000";"29,3";"44,0";"949,0";"2,0";"90,0";"6,0";"9,10";"34,9";"";""
"25/11/2021";"1200";"28,0";"54,0";"950,7";"3,0";"50,0";"4,0";"";"";"24,1";"0,0"
"25/11/2021";"1800";"";"";"";"";"";"";"";"";"";""
"26/11/2021";"0000";"26,9";"67,0";"947,6";"2,0";"360,0";"5,0";"10,30";"31,8";"";""
"26/11/2021";"1200";"24,9";"90,0";"947,1";"1,0";"320,0";"10,0";"";"";"21,2";"16,4"
"26/11/2021";"1800";"";"";"";"";"";"";"";"";"";""
"27/11/2021";"0000";"25,3";"55,0";"944,0";"4,0";"230,0";"0,0";"12,10";"30,3";"";""
"27/11/2021";"1200";"23,3";"69,0";"946,0";"4,0";"230,0";"0,0";"";"";"18,6";"0,0"
"27/11/2021";"1800";"";"";"";"";"";"";"";"";"";""
"28/11/2021";"0000";"25,4";"60,0";"944,0";"1,0";"230,0";"0,0";"10,90";"34,5";"";""
"28/11/2021";"1200";"29,3";"51,0";"946,2";"0,0";"0,0";"5,0";"";"";"19,6";"0,0"
"28/11/2021";"1800";"";"";"";"";"";"";"";"";"";""
"29/11/2021";"0000";"30,1";"48,0";"944,4";"0,0";"0,0";"10,0";"6,90";"30,7";"";""
"29/11/2021";"1200";"24,3";"78,0";"945,9";"2,0";"320,0";"6,0";"";"";"20,6";"0,0"
"29/11/2021";"1800";"";"";"";"";"";"";"";"";"";""
"30/11/2021";"0000";"24,7";"73,0";"944,8";"2,0";"270,0";"7,0";"12,10";"30,6";"";""
"30/11/2021";"1200";"24,1";"54,0";"947,5";"2,0";"180,0";"1,0";"";"";"19,8";"0,0"
"30/11/2021";"1800";"";"";"";"";"";"";"";"";"";""
"01/12/2021";"0000";"24,6";"55,0";"945,2";"2,0";"230,0";"0,0";"12,00";"32,5";"";""
"01/12/2021";"1200";"26,9";"52,0";"948,6";"1,0";"180,0";"2,0";"";"";"19,9";"0,0"
"01/12/2021";"1800";"";"";"";"";"";"";"";"";"";""
"02/12/2021";"0000";"27,0";"53,0";"946,3";"1,0";"140,0";"0,0";"11,70";"34,2";"";""
"02/12/2021";"1200";"25,5";"65,0";"949,0";"3,0";"50,0";"4,0";"";"";"22,0";"0,0"
"02/12/2021";"1800";"";"";"";"";"";"";"";"";"";""
"03/12/2021";"0000";"28,1";"48,0";"946,0";"1,0";"90,0";"1,0";"10,10";"32,1";"";""
"03/12/2021";"1200";"25,3";"60,0";"949,5";"3,0";"90,0";"1,0";"";"";"20,4";"0,0"
"03/12/2021";"1800";"";"";"";"";"";"";"";"";"";""
"04/12/2021";"0000";"26,1";"61,0";"948,4";"4,0";"90,0";"0,0";"10,60";"32,8";"";""
"04/12/2021";"1200";"25,4";"58,0";"952,8";"3,0";"90,0";"0,0";"";"";"19,6";"0,0"
"04/12/2021";"1800";"";"";"";"";"";"";"";"";"";""
"05/12/2021";"0000";"27,1";"57,0";"950,6";"1,0";"90,0";"3,0";"10,40";"34,0";"";""
"05/12/2021";"1200";"27,1";"52,0";"953,5";"3,0";"50,0";"1,0";"";"";"21,1";"0,0"
"05/12/2021";"1800";"";"";"";"";"";"";"";"";"";""
"06/12/2021";"0000";"28,9";"50,0";"949,5";"3,0";"140,0";"7,0";"10,80";"33,4";"";""
"06/12/2021";"1200";"26,7";"66,0";"951,2";"2,0";"50,0";"3,0";"";"";"20,6";"3,0"
"06/12/2021";"1800";"";"";"";"";"";"";"";"";"";""
"07/12/2021";"0000";"25,1";"61,0";"949,1";"2,0";"140,0";"1,0";"8,90";"30,2";"";""
"07/12/2021";"1200";"23,9";"60,0";"952,3";"4,0";"90,0";"1,0";"";"";"18,6";"0,0"
"07/12/2021";"1800";"";"";"";"";"";"";"";"";"";""
"08/12/2021";"0000";"23,0";"66,0";"950,4";"3,0";"90,0";"1,0";"11,60";"29,8";"";""
"08/12/2021";"1200";"22,5";"54,0";"953,1";"4,0";"90,0";"0,0";"";"";"15,6";"0,0"
"08/12/2021";"1800";"";"";"";"";"";"";"";"";"";""
"09/12/2021";"0000";"23,9";"59,0";"950,6";"1,0";"140,0";"0,0";"11,90";"30,1";"";""
"09/12/2021";"1200";"22,9";"52,0";"953,4";"2,0";"90,0";"0,0";"";"";"16,8";"0,0"
"09/12/2021";"1800";"";"";"";"";"";"";"";"";"";""
"10/12/2021";"0000";"24,2";"53,0";"949,5";"1,0";"90,0";"0,0";"11,90";"32,3";"";""
"10/12/2021";"1200";"24,5";"55,0";"951,2";"2,0";"90,0";"1,0";"";"";"18,4";"0,0"
"10/12/2021";"1800";"";"";"";"";"";"";"";"";"";""
"11/12/2021";"0000";"26,0";"48,0";"946,2";"1,0";"140,0";"1,0";"9,40";"33,9";"";""
"11/12/2021";"1200";"27,5";"42,0";"947,8";"3,0";"50,0";"7,0";"";"";"20,1";"0,0"
"11/12/2021";"1800";"";"";"";"";"";"";"";"";"";""
"12/12/2021";"0000";"28,5";"39,0";"944,3";"2,0";"90,0";"7,0";"6,00";"35,2";"";""
"12/12/2021";"1200";"27,1";"43,0";"945,9";"1,0";"90,0";"8,0";"";"";"17,8";"0,0"
"12/12/2021";"1800";"";"";"";"";"";"";"";"";"";""
"13/12/2021";"0000";"27,7";"49,0";"945,4";"1,0";"270,0";"10,0";"1,80";"30,0";"";""
"13/12/2021";"1200";"25,7";"74,0";"948,4";"1,0";"270,0";"10,0";"";"";"23,1";"0,0"
"13/12/2021";"1800";"";"";"";"";"";"";"";"";"";""
"14/12/2021";"0000";"26,5";"71,0";"947,2";"2,0";"50,0";"7,0";"1,60";"28,3";"";""
"14/12/2021";"1200";"23,8";"87,0";"948,2";"1,0";"90,0";"10,0";"";"";"22,6";"0,0"
"14/12/2021";"1800";"";"";"";"";"";"";"";"";"";""
"15/12/2021";"0000";"25,1";"87,0";"945,9";"2,0";"50,0";"9,0";"8,40";"34,1";"";""
"15/12/2021";"1200";"26,1";"74,0";"947,9";"1,0";"90,0";"10,0";"";"";"23,2";"2,1"
"15/12/2021";"1800";"";"";"";"";"";"";"";"";"";""
"16/12/2021";"0000";"27,9";"69,0";"945,1";"2,0";"50,0";"7,0";"9,10";"34,1";"";""
"16/12/2021";"1200";"26,7";"74,0";"947,4";"2,0";"50,0";"8,0";"";"";"23,8";"0,0"
"16/12/2021";"1800";"";"";"";"";"";"";"";"";"";""
"17/12/2021";"0000";"28,3";"68,0";"945,8";"2,0";"90,0";"1,0";"11,10";"34,6";"";""
"17/12/2021";"1200";"28,5";"69,0";"949,4";"2,0";"90,0";"7,0";"";"";"23,5";"0,0"
"17/12/2021";"1800";"";"";"";"";"";"";"";"";"";""
"18/12/2021";"0000";"26,7";"74,0";"948,6";"2,0";"50,0";"1,0";"11,30";"33,6";"";""
"18/12/2021";"1200";"26,7";"60,0";"952,0";"4,0";"90,0";"2,0";"";"";"21,6";"0,0"
"18/12/2021";"1800";"";"";"";"";"";"";"";"";"";""
"19/12/2021";"0000";"27,9";"62,0";"949,5";"1,0";"90,0";"2,0";"11,60";"33,5";"";""
"19/12/2021";"1200";"25,7";"56,0";"952,7";"3,0";"50,0";"1,0";"";"";"20,1";"0,0"
"19/12/2021";"1800";"";"";"";"";"";"";"";"";"";""
"20/12/2021";"0000";"26,8";"53,0";"949,9";"2,0";"50,0";"1,0";"11,40";"33,5";"";""
"20/12/2021";"1200";"24,9";"49,0";"951,2";"4,0";"90,0";"0,0";"";"";"18,6";"0,0"
"20/12/2021";"1800";"";"";"";"";"";"";"";"";"";""
"21/12/2021";"0000";"26,8";"48,0";"947,5";"1,0";"90,0";"0,0";"9,10";"34,9";"";""
"21/12/2021";"1200";"27,1";"53,0";"948,3";"2,0";"50,0";"6,0";"";"";"22,0";"0,0"
"21/12/2021";"1800";"";"";"";"";"";"";"";"";"";""
"22/12/2021";"0000";"29,4";"38,0";"945,0";"1,0";"50,0";"8,0";"10,40";"37,0";"";""
"22/12/2021";"1200";"31,3";"43,0";"947,1";"1,0";"50,0";"1,0";"";"";"23,5";"0,0"
"22/12/2021";"1800";"";"";"";"";"";"";"";"";"";""
"23/12/2021";"0000";"29,6";"51,0";"944,6";"1,0";"140,0";"0,0";"7,00";"33,9";"";""
"23/12/2021";"1200";"26,3";"66,0";"947,8";"2,0";"90,0";"8,0";"";"";"23,1";"0,0"
"23/12/2021";"1800";"";"";"";"";"";"";"";"";"";""
"24/12/2021";"0000";"26,5";"65,0";"945,5";"2,0";"90,0";"5,0";"10,50";"32,2";"";""
"24/12/2021";"1200";"22,9";"56,0";"949,2";"2,0";"90,0";"5,0";"";"";"18,2";"0,0"
"24/12/2021";"1800";"";"";"";"";"";"";"";"";"";""
"25/12/2021";"0000";"26,0";"57,0";"946,4";"1,0";"50,0";"0,0";"11,50";"32,8";"";""
"25/12/2021";"1200";"24,5";"49,0";"950,3";"1,0";"90,0";"4,0";"";"";"18,8";"0,0"
"25/12/2021";"1800";"";"";"";"";"";"";"";"";"";""
"26/12/2021";"0000";"26,9";"52,0";"946,7";"1,0";"90,0";"0,0";"8,30";"34,5";"";""
"26/12/2021";"1200";"25,7";"47,0";"950,0";"2,0";"90,0";"7,0";"";"";"16,2";"0,0"
"26/12/2021";"1800";"";"";"";"";"";"";"";"";"";""
"27/12/2021";"0000";"26,7";"57,0";"946,4";"2,0";"320,0";"10,0";"8,70";"35,4";"";""
"27/12/2021";"1200";"30,1";"49,0";"947,9";"1,0";"90,0";"1,0";"";"";"21,8";"0,0"
"27/12/2021";"1800";"";"";"";"";"";"";"";"";"";""
"28/12/2021";"0000";"28,3";"53,0";"945,1";"1,0";"90,0";"4,0";"10,30";"37,1";"";""
"28/12/2021";"1200";"26,7";"63,0";"948,8";"2,0";"50,0";"3,0";"";"";"22,2";"0,6"
"28/12/2021";"1800";"";"";"";"";"";"";"";"";"";""
"29/12/2021";"0000";"30,5";"47,0";"947,1";"1,0";"140,0";"4,0";"5,10";"33,4";"";""
"29/12/2021";"1200";"26,7";"58,0";"951,0";"3,0";"50,0";"9,0";"";"";"20,3";"0,0"
"29/12/2021";"1800";"";"";"";"";"";"";"";"";"";""
"30/12/2021";"0000";"22,2";"77,0";"949,2";"1,0";"320,0";"7,0";"6,20";"27,2";"";""
"30/12/2021";"1200";"23,3";"68,0";"949,8";"2,0";"50,0";"8,0";"";"";"19,6";"26,2"
"30/12/2021";"1800";"";"";"";"";"";"";"";"";"";""
"31/12/2021";"0000";"23,4";"74,0";"946,3";"2,0";"90,0";"0,0";"10,00";"31,1";"";""
"31/12/2021";"1200";"24,7";"70,0";"946,6";"2,0";"90,0";"7,0";"";"";"19,2";"17,2"
"31/12/2021";"1800";"";"";"";"";"";"";"";"";"";""